family_id,n,k,family,seed,planted_mask,alpha_target,alpha,m,n_solutions,beta0,beta1,beta2,skeleton_beta1,cubical_beta1,fill_gap,girth,truncated,n_edges,n_faces,n_cubes,built_dim,total_ms
1,14,3,uniform,1000,,1.0,1.0,14,1904,1,0,0,6227,0,6227,,False,8130,14564,14145,3,1853.9684999996098
1,14,3,uniform,1000,,1.25,1.2857142857142858,18,1590,1,0,0,5067,0,5067,,False,6656,11680,11103,3,1245.551500000147
1,14,3,uniform,1000,,1.5,1.5,21,1052,1,0,0,2853,0,2853,,False,3904,5832,4455,3,353.12900000099035
1,14,3,uniform,1000,,1.6,1.5714285714285714,22,998,1,0,0,2668,0,2668,,False,3665,5409,4077,3,304.1470999996818
1,14,3,uniform,1000,,1.7,1.7142857142857142,24,865,1,0,0,2289,0,2289,,False,3153,4633,3502,3,254.68849999924714
1,14,3,uniform,1000,,1.8,1.7857142857142858,25,805,1,0,0,2087,0,2087,,False,2891,4174,3089,3,224.04249999999593
1,14,3,uniform,1000,,1.9,1.9285714285714286,27,646,1,0,0,1481,0,1481,4,False,2126,2749,1763,3,120.0901000011072
1,14,3,uniform,1000,,2.0,2.0,28,566,1,0,0,1241,0,1241,4,False,1806,2265,1407,3,102.23670000050333
1,14,3,uniform,1000,,2.1,2.0714285714285716,29,523,2,0,0,1124,0,1124,4,False,1645,2056,1284,3,95.12270000050194
1,14,3,uniform,1000,,2.2,2.2142857142857144,31,403,2,0,0,811,0,811,4,False,1212,1451,876,3,78.00399999905494
1,14,3,uniform,1000,,2.3,2.2857142857142856,32,403,2,0,0,811,0,811,4,False,1212,1451,876,3,77.82469999983732
1,14,3,uniform,1000,,2.4,2.4285714285714284,34,198,2,0,0,287,0,287,4,False,483,431,172,3,45.58059999908437
1,14,3,uniform,1000,,2.5,2.5,35,196,2,0,0,285,0,285,4,False,479,429,172,3,40.40320000058273
1,14,3,uniform,1000,,2.6,2.5714285714285716,36,173,2,0,0,243,0,243,4,False,414,363,145,3,40.73440000138362
1,14,3,uniform,1000,,2.7,2.7142857142857144,38,151,2,0,0,189,0,189,4,False,338,259,77,3,36.05760000027658
1,14,3,uniform,1000,,2.8,2.7857142857142856,39,145,2,0,0,186,0,186,4,False,329,256,77,3,42.22699999991164
1,14,3,uniform,1000,,2.9,2.9285714285714284,41,126,2,0,0,151,0,151,4,False,275,202,55,3,38.45769999861659
1,14,3,uniform,1000,,3.0,3.0,42,111,2,0,0,122,0,122,4,False,231,158,38,3,36.59950000110257
1,14,3,uniform,1000,,3.1,3.0714285714285716,43,103,2,0,0,110,0,110,4,False,211,142,34,3,35.62200000123994
1,14,3,uniform,1000,,3.2,3.2142857142857144,45,88,2,0,0,91,0,91,4,False,177,115,25,3,36.74630000023171
1,14,3,uniform,1000,,3.3,3.2857142857142856,46,84,2,0,0,84,0,84,4,False,166,105,22,3,39.81980000025942
1,14,3,uniform,1000,,3.4,3.4285714285714284,48,74,2,0,0,71,0,71,4,False,143,89,19,3,34.17740000077174
1,14,3,uniform,1000,,3.5,3.5,49,72,2,0,0,69,0,69,4,False,139,87,19,3,44.47440000149072
1,14,3,uniform,1000,,3.75,3.7142857142857144,52,69,2,0,0,63,0,63,4,False,130,79,17,3,44.42679999920074
1,14,3,uniform,1000,,4.0,4.0,56,46,2,0,0,33,0,33,4,False,77,39,6,3,33.48510000068927
1,14,3,uniform,1000,,4.25,4.285714285714286,60,34,2,0,0,21,0,21,4,False,53,25,4,3,36.34729999976116
1,14,3,uniform,1000,,4.5,4.5,63,14,4,0,0,2,0,2,4,False,12,2,0,3,34.19649999887042
1,14,3,uniform,1000,,4.75,4.714285714285714,66,14,4,0,0,2,0,2,4,False,12,2,0,3,32.4746000005689
1,14,3,uniform,1000,,5.0,5.0,70,2,2,0,0,0,0,0,,False,0,0,0,3,33.9574999998149
2,14,3,uniform,1001,,1.0,1.0,14,3228,1,12235,,12235,,,,True,15462,0,0,1,50.25190000014845
2,14,3,uniform,1001,,1.25,1.2857142857142858,18,2029,1,0,0,6667,0,6667,,False,8695,15604,15203,3,2428.7330000006477
2,14,3,uniform,1001,,1.5,1.5,21,1401,1,0,0,4180,0,4180,,False,5580,9186,8069,3,903.5968000007415
2,14,3,uniform,1001,,1.6,1.5714285714285714,22,1385,1,0,0,4139,0,4139,,False,5523,9112,8026,3,916.089500000453
2,14,3,uniform,1001,,1.7,1.7142857142857142,24,1286,1,0,0,3782,0,3782,,False,5067,8247,7157,3,753.0732999985048
2,14,3,uniform,1001,,1.8,1.7857142857142858,25,1096,1,0,0,3066,0,3066,,False,4161,6488,5361,3,497.519900000043
2,14,3,uniform,1001,,1.9,1.9285714285714286,27,834,1,0,0,2139,0,2139,,False,2972,4326,3343,3,303.913099998681
2,14,3,uniform,1001,,2.0,2.0,28,791,1,0,0,2043,0,2043,4,False,2833,4153,3240,3,306.4975000015693
2,14,3,uniform,1001,,2.1,2.0714285714285716,29,572,1,0,0,1328,0,1328,4,False,1899,2523,1726,3,130.25290000041423
2,14,3,uniform,1001,,2.2,2.2142857142857144,31,395,1,1,0,740,1,739,4,False,1134,1223,617,3,64.20059999982186
2,14,3,uniform,1001,,2.3,2.2857142857142856,32,364,1,1,0,693,1,692,4,False,1056,1157,596,3,64.51129999913974
2,14,3,uniform,1001,,2.4,2.4285714285714284,34,275,2,1,0,454,1,453,4,False,727,708,310,3,51.15730000034091
2,14,3,uniform,1001,,2.5,2.5,35,155,2,1,0,173,1,172,4,False,326,227,59,3,40.733199999522185
2,14,3,uniform,1001,,2.6,2.5714285714285716,36,139,3,1,0,146,1,145,4,False,282,191,50,3,38.499800000863615
2,14,3,uniform,1001,,2.7,2.7142857142857144,38,126,3,1,0,124,1,123,4,False,247,159,39,3,39.95220000069821
2,14,3,uniform,1001,,2.8,2.7857142857142856,39,109,3,1,0,98,1,97,4,False,204,120,24,3,36.436200000025565
2,14,3,uniform,1001,,2.9,2.9285714285714284,41,76,4,1,0,59,1,58,4,False,131,71,14,3,42.69489999933285
2,14,3,uniform,1001,,3.0,3.0,42,72,4,1,0,52,1,51,4,False,120,61,11,3,36.71159999976226
2,14,3,uniform,1001,,3.1,3.0714285714285716,43,64,5,1,0,39,1,38,4,False,98,42,4,3,36.97210000063933
2,14,3,uniform,1001,,3.2,3.2142857142857144,45,43,3,0,0,21,0,21,4,False,61,22,1,3,34.35960000024352
2,14,3,uniform,1001,,3.3,3.2857142857142856,46,34,4,0,0,13,0,13,4,False,43,14,1,3,36.22619999987364
2,14,3,uniform,1001,,3.4,3.4285714285714284,48,34,4,0,0,13,0,13,4,False,43,14,1,3,34.41030000067258
2,14,3,uniform,1001,,3.5,3.5,49,34,4,0,0,13,0,13,4,False,43,14,1,3,37.53800000049523
2,14,3,uniform,1001,,3.75,3.7142857142857144,52,33,4,0,0,13,0,13,4,False,42,14,1,3,36.382899999807705
2,14,3,uniform,1001,,4.0,4.0,56,4,2,0,0,0,0,0,,False,2,0,0,3,33.06189999966591
2,14,3,uniform,1001,,4.25,4.285714285714286,60,0,0,0,0,0,0,0,,False,0,0,0,3,33.81880000051751
2,14,3,uniform,1001,,4.5,4.5,63,0,0,0,0,0,0,0,,False,0,0,0,3,36.765300001206924
2,14,3,uniform,1001,,4.75,4.714285714285714,66,0,0,0,0,0,0,0,,False,0,0,0,3,32.390700000178185
2,14,3,uniform,1001,,5.0,5.0,70,0,0,0,0,0,0,0,,False,0,0,0,3,33.64549999969313
3,14,3,uniform,1002,,1.0,1.0,14,2240,1,0,0,7969,0,7969,,False,10208,19910,21693,3,4374.988300000041
3,14,3,uniform,1002,,1.25,1.2857142857142858,18,1744,1,0,0,5748,0,5748,,False,7491,13588,13524,3,2184.243099998639
3,14,3,uniform,1002,,1.5,1.5,21,1004,1,0,0,2669,0,2669,,False,3672,5530,4483,3,462.93839999998454
3,14,3,uniform,1002,,1.6,1.5714285714285714,22,776,1,1,0,1814,1,1813,4,False,2589,3436,2330,3,201.76579999861133
3,14,3,uniform,1002,,1.7,1.7142857142857142,24,624,1,2,0,1340,2,1338,4,False,1963,2403,1458,3,130.95090000024356
3,14,3,uniform,1002,,1.8,1.7857142857142858,25,308,1,0,0,515,0,515,4,False,822,809,361,3,49.64719999952649
3,14,3,uniform,1002,,1.9,1.9285714285714286,27,258,1,1,0,397,1,396,4,False,654,603,248,3,46.36519999985467
3,14,3,uniform,1002,,2.0,2.0,28,250,1,1,0,381,1,380,4,False,630,577,236,3,43.49309999997786
3,14,3,uniform,1002,,2.1,2.0714285714285716,29,220,1,1,0,339,1,338,4,False,558,518,217,3,43.52909999943222
3,14,3,uniform,1002,,2.2,2.2142857142857144,31,181,1,1,0,240,1,239,4,False,420,337,110,3,37.11899999871093
3,14,3,uniform,1002,,2.3,2.2857142857142856,32,148,1,0,0,186,0,186,4,False,333,257,78,3,35.760900000241236
3,14,3,uniform,1002,,2.4,2.4285714285714284,34,136,2,0,0,172,0,172,4,False,306,239,74,3,37.321699999665725
3,14,3,uniform,1002,,2.5,2.5,35,92,2,0,0,112,0,112,4,False,202,158,52,3,36.63369999958377
3,14,3,uniform,1002,,2.6,2.5714285714285716,36,92,2,0,0,112,0,112,4,False,202,158,52,3,34.40500000033353
3,14,3,uniform,1002,,2.7,2.7142857142857144,38,82,1,0,0,106,0,106,4,False,187,151,51,3,34.30309999930614
3,14,3,uniform,1002,,2.8,2.7857142857142856,39,82,1,0,0,106,0,106,4,False,187,151,51,3,32.153399999515386
3,14,3,uniform,1002,,2.9,2.9285714285714284,41,78,1,0,0,102,0,102,4,False,179,147,51,3,33.331900000121095
3,14,3,uniform,1002,,3.0,3.0,42,78,1,0,0,102,0,102,4,False,179,147,51,3,31.203499998810003
3,14,3,uniform,1002,,3.1,3.0714285714285716,43,72,1,0,0,90,0,90,4,False,161,128,43,3,32.65129999999772
3,14,3,uniform,1002,,3.2,3.2142857142857144,45,72,1,0,0,90,0,90,4,False,161,128,43,3,33.2894999992277
3,14,3,uniform,1002,,3.3,3.2857142857142856,46,70,1,0,0,85,0,85,4,False,154,119,38,3,32.72999999899184
3,14,3,uniform,1002,,3.4,3.4285714285714284,48,65,1,0,0,75,0,75,4,False,139,103,31,3,32.189999999900465
3,14,3,uniform,1002,,3.5,3.5,49,57,1,0,0,58,0,58,4,False,114,75,18,3,31.603700001141988
3,14,3,uniform,1002,,3.75,3.7142857142857144,52,23,3,0,0,10,0,10,4,False,30,11,1,3,32.47600000031525
3,14,3,uniform,1002,,4.0,4.0,56,12,1,0,0,6,0,6,4,False,17,7,1,3,29.422600000543753
3,14,3,uniform,1002,,4.25,4.285714285714286,60,12,1,0,0,6,0,6,4,False,17,7,1,3,30.982899999798974
3,14,3,uniform,1002,,4.5,4.5,63,12,1,0,0,6,0,6,4,False,17,7,1,3,29.434899999614572
3,14,3,uniform,1002,,4.75,4.714285714285714,66,4,1,0,0,1,0,1,4,False,4,1,0,3,30.686699999932898
3,14,3,uniform,1002,,5.0,5.0,70,0,0,0,0,0,0,0,,False,0,0,0,3,29.43279999999504
4,14,3,uniform,1003,,1.0,1.0,14,2612,1,9162,,9162,,,,True,11773,0,0,1,41.63710000102583
4,14,3,uniform,1003,,1.25,1.2857142857142858,18,1429,1,0,0,4209,0,4209,,False,5637,9206,8071,3,840.5772000005527
4,14,3,uniform,1003,,1.5,1.5,21,997,1,0,0,2633,0,2633,,False,3629,5322,4008,3,330.8649999999034
4,14,3,uniform,1003,,1.6,1.5714285714285714,22,935,1,0,0,2438,0,2438,,False,3372,4891,3635,3,324.9279999999999
4,14,3,uniform,1003,,1.7,1.7142857142857142,24,682,1,0,0,1577,0,1577,4,False,2258,2927,1873,3,127.53460000021732
4,14,3,uniform,1003,,1.8,1.7857142857142858,25,600,1,0,0,1318,0,1318,4,False,1917,2379,1445,3,103.36950000055367
4,14,3,uniform,1003,,1.9,1.9285714285714286,27,565,1,0,0,1206,0,1206,4,False,1770,2132,1234,3,93.08120000059716
4,14,3,uniform,1003,,2.0,2.0,28,411,1,0,0,765,0,765,4,False,1175,1256,619,3,57.783099999141996
4,14,3,uniform,1003,,2.1,2.0714285714285716,29,377,1,0,0,677,0,677,4,False,1053,1085,501,3,51.66809999900579
4,14,3,uniform,1003,,2.2,2.2142857142857144,31,226,1,0,0,321,0,321,4,False,546,448,138,3,41.5474000001268
4,14,3,uniform,1003,,2.3,2.2857142857142856,32,193,2,0,0,264,0,264,4,False,455,369,115,3,72.23549999980605
4,14,3,uniform,1003,,2.4,2.4285714285714284,34,120,2,0,0,118,0,118,4,False,236,144,26,3,72.6751999991393
4,14,3,uniform,1003,,2.5,2.5,35,112,2,0,0,103,0,103,4,False,213,124,21,3,47.730000000228756
4,14,3,uniform,1003,,2.6,2.5714285714285716,36,112,2,0,0,103,0,103,4,False,213,124,21,3,35.03730000011274
4,14,3,uniform,1003,,2.7,2.7142857142857144,38,74,2,0,0,61,0,61,4,False,133,73,12,3,31.9710000003397
4,14,3,uniform,1003,,2.8,2.7857142857142856,39,66,3,0,0,51,0,51,4,False,114,61,10,3,34.202799999548006
4,14,3,uniform,1003,,2.9,2.9285714285714284,41,60,3,0,0,38,0,38,4,False,95,43,5,3,32.34400000110327
4,14,3,uniform,1003,,3.0,3.0,42,50,3,0,0,23,0,23,4,False,70,26,3,3,32.5950999995257
4,14,3,uniform,1003,,3.1,3.0714285714285716,43,40,3,0,0,10,0,10,4,False,47,10,0,3,30.29690000039409
4,14,3,uniform,1003,,3.2,3.2142857142857144,45,36,2,0,0,10,0,10,4,False,44,10,0,3,30.367700001079356
4,14,3,uniform,1003,,3.3,3.2857142857142856,46,34,3,0,0,10,0,10,4,False,41,10,0,3,36.29870000077062
4,14,3,uniform,1003,,3.4,3.4285714285714284,48,31,3,0,0,8,0,8,4,False,36,8,0,3,29.11550000135321
4,14,3,uniform,1003,,3.5,3.5,49,25,4,0,0,7,0,7,4,False,28,7,0,3,29.659800000445102
4,14,3,uniform,1003,,3.75,3.7142857142857144,52,16,5,0,0,4,0,4,4,False,15,4,0,3,34.3537999997352
4,14,3,uniform,1003,,4.0,4.0,56,2,1,0,0,0,0,0,,False,1,0,0,3,31.616700000085984
4,14,3,uniform,1003,,4.25,4.285714285714286,60,2,1,0,0,0,0,0,,False,1,0,0,3,30.617399999755435
4,14,3,uniform,1003,,4.5,4.5,63,0,0,0,0,0,0,0,,False,0,0,0,3,29.429199999867706
4,14,3,uniform,1003,,4.75,4.714285714285714,66,0,0,0,0,0,0,0,,False,0,0,0,3,30.19999999924039
4,14,3,uniform,1003,,5.0,5.0,70,0,0,0,0,0,0,0,,False,0,0,0,3,27.764899999965564
5,14,3,uniform,1004,,1.0,1.0,14,2640,1,9853,,9853,,,,True,12492,0,0,1,42.70329999962996
5,14,3,uniform,1004,,1.25,1.2857142857142858,18,1670,1,0,0,5158,0,5158,,False,6827,11614,10657,3,1172.8758000008384
5,14,3,uniform,1004,,1.5,1.5,21,996,1,0,0,2605,0,2605,,False,3600,5211,3854,3,265.1325999995606
5,14,3,uniform,1004,,1.6,1.5714285714285714,22,820,1,1,0,2100,1,2099,,False,2919,4197,3129,3,222.60239999923215
5,14,3,uniform,1004,,1.7,1.7142857142857142,24,662,1,1,0,1530,1,1529,4,False,2191,2840,1819,3,165.0945999990654
5,14,3,uniform,1004,,1.8,1.7857142857142858,25,582,1,1,0,1299,1,1298,4,False,1880,2375,1485,3,123.27520000144432
5,14,3,uniform,1004,,1.9,1.9285714285714286,27,475,1,1,0,911,1,910,4,False,1385,1502,741,3,78.7067000001116
5,14,3,uniform,1004,,2.0,2.0,28,409,1,0,0,747,0,747,4,False,1155,1202,559,3,61.46919999991951
5,14,3,uniform,1004,,2.1,2.0714285714285716,29,407,1,0,0,744,0,744,4,False,1150,1198,558,3,67.07949999872653
5,14,3,uniform,1004,,2.2,2.2142857142857144,31,239,1,0,0,347,0,347,4,False,585,504,178,3,46.83699999986857
5,14,3,uniform,1004,,2.3,2.2857142857142856,32,226,1,0,0,321,0,321,4,False,546,462,159,3,45.88070000136213
5,14,3,uniform,1004,,2.4,2.4285714285714284,34,164,3,0,0,218,0,218,4,False,379,308,100,3,41.02290000082576
5,14,3,uniform,1004,,2.5,2.5,35,164,3,0,0,218,0,218,4,False,379,308,100,3,45.40610000003653
5,14,3,uniform,1004,,2.6,2.5714285714285716,36,110,2,0,0,140,0,140,4,False,248,196,63,3,36.89940000003844
5,14,3,uniform,1004,,2.7,2.7142857142857144,38,65,2,0,0,49,0,49,4,False,112,58,9,3,33.288599999650614
5,14,3,uniform,1004,,2.8,2.7857142857142856,39,61,2,0,0,47,0,47,4,False,106,56,9,3,37.02549999979965
5,14,3,uniform,1004,,2.9,2.9285714285714284,41,47,2,0,0,28,0,28,4,False,73,32,4,3,36.39110000040091
5,14,3,uniform,1004,,3.0,3.0,42,36,2,0,0,18,0,18,4,False,52,20,2,3,35.005900001124246
5,14,3,uniform,1004,,3.1,3.0714285714285716,43,12,3,0,0,5,0,5,4,False,14,6,1,3,35.91979999873729
5,14,3,uniform,1004,,3.2,3.2142857142857144,45,11,3,0,0,5,0,5,4,False,13,6,1,3,37.84879999875557
5,14,3,uniform,1004,,3.3,3.2857142857142856,46,9,3,0,0,2,0,2,4,False,8,2,0,3,32.819399999425514
5,14,3,uniform,1004,,3.4,3.4285714285714284,48,9,3,0,0,2,0,2,4,False,8,2,0,3,44.29159999926924
5,14,3,uniform,1004,,3.5,3.5,49,9,3,0,0,2,0,2,4,False,8,2,0,3,38.32739999961632
5,14,3,uniform,1004,,3.75,3.7142857142857144,52,9,3,0,0,2,0,2,4,False,8,2,0,3,39.51010000128008
5,14,3,uniform,1004,,4.0,4.0,56,7,2,0,0,2,0,2,4,False,7,2,0,3,43.40469999988272
5,14,3,uniform,1004,,4.25,4.285714285714286,60,5,2,0,0,1,0,1,4,False,4,1,0,3,47.2834000011062
5,14,3,uniform,1004,,4.5,4.5,63,1,1,0,0,0,0,0,,False,0,0,0,3,49.786899999162415
5,14,3,uniform,1004,,4.75,4.714285714285714,66,1,1,0,0,0,0,0,,False,0,0,0,3,40.14330000063637
5,14,3,uniform,1004,,5.0,5.0,70,1,1,0,0,0,0,0,,False,0,0,0,3,36.973000000216416
6,14,3,uniform,1005,,1.0,1.0,14,2338,1,0,0,8268,0,8268,,False,10605,20624,22403,3,5612.306700000772
6,14,3,uniform,1005,,1.25,1.2857142857142858,18,1493,1,1,0,4577,1,4576,,False,6069,10274,9350,3,1331.5077999995992
6,14,3,uniform,1005,,1.5,1.5,21,1294,1,0,0,3898,0,3898,,False,5191,8682,7844,3,1048.1244000002334
6,14,3,uniform,1005,,1.6,1.5714285714285714,22,676,2,0,0,1580,0,1580,4,False,2254,3049,2151,3,166.2095000010595
6,14,3,uniform,1005,,1.7,1.7142857142857142,24,418,3,0,0,773,0,773,4,False,1188,1289,656,3,55.72270000084245
6,14,3,uniform,1005,,1.8,1.7857142857142858,25,378,3,0,0,656,0,656,4,False,1031,1063,509,3,49.07200000161538
6,14,3,uniform,1005,,1.9,1.9285714285714286,27,228,2,0,0,352,0,352,4,False,578,548,242,3,42.35379999954603
6,14,3,uniform,1005,,2.0,2.0,28,209,2,0,0,325,0,325,4,False,532,512,233,3,38.63139999884879
6,14,3,uniform,1005,,2.1,2.0714285714285716,29,195,2,0,0,293,0,293,4,False,486,457,205,3,37.738099999842234
6,14,3,uniform,1005,,2.2,2.2142857142857144,31,145,1,0,0,190,0,190,4,False,334,266,85,3,35.83010000147624
6,14,3,uniform,1005,,2.3,2.2857142857142856,32,145,1,0,0,190,0,190,4,False,334,266,85,3,45.04040000028908
6,14,3,uniform,1005,,2.4,2.4285714285714284,34,140,1,0,0,184,0,184,4,False,323,258,83,3,43.34430000017164
6,14,3,uniform,1005,,2.5,2.5,35,101,1,0,0,104,0,104,4,False,204,131,27,3,34.33709999990242
6,14,3,uniform,1005,,2.6,2.5714285714285716,36,81,1,0,0,69,0,69,4,False,149,83,14,3,40.87299999991956
6,14,3,uniform,1005,,2.7,2.7142857142857144,38,26,4,0,0,13,0,13,4,False,35,15,2,3,34.34469999956491
6,14,3,uniform,1005,,2.8,2.7857142857142856,39,22,5,0,0,10,0,10,4,False,27,12,2,3,30.713300000570598
6,14,3,uniform,1005,,2.9,2.9285714285714284,41,12,3,0,0,5,0,5,4,False,14,6,1,3,29.39150000020163
6,14,3,uniform,1005,,3.0,3.0,42,12,3,0,0,5,0,5,4,False,14,6,1,3,30.88209999987157
6,14,3,uniform,1005,,3.1,3.0714285714285716,43,12,3,0,0,5,0,5,4,False,14,6,1,3,33.98879999986093
6,14,3,uniform,1005,,3.2,3.2142857142857144,45,9,3,0,0,2,0,2,4,False,8,2,0,3,29.806799999278155
6,14,3,uniform,1005,,3.3,3.2857142857142856,46,8,2,0,0,2,0,2,4,False,8,2,0,3,33.08450000076846
6,14,3,uniform,1005,,3.4,3.4285714285714284,48,6,1,0,0,2,0,2,4,False,7,2,0,3,30.421800000112853
6,14,3,uniform,1005,,3.5,3.5,49,6,1,0,0,2,0,2,4,False,7,2,0,3,31.42890000162879
6,14,3,uniform,1005,,3.75,3.7142857142857144,52,3,1,0,0,0,0,0,,False,2,0,0,3,31.773899998370325
6,14,3,uniform,1005,,4.0,4.0,56,3,1,0,0,0,0,0,,False,2,0,0,3,27.917700001125922
6,14,3,uniform,1005,,4.25,4.285714285714286,60,0,0,0,0,0,0,0,,False,0,0,0,3,32.73839999928896
6,14,3,uniform,1005,,4.5,4.5,63,0,0,0,0,0,0,0,,False,0,0,0,3,30.647999999928288
6,14,3,uniform,1005,,4.75,4.714285714285714,66,0,0,0,0,0,0,0,,False,0,0,0,3,36.04810000069847
6,14,3,uniform,1005,,5.0,5.0,70,0,0,0,0,0,0,0,,False,0,0,0,3,30.488699998386437
7,14,3,uniform,1006,,1.0,1.0,14,1840,1,0,0,6041,0,6041,,False,7880,14312,14306,3,2120.6387000001996
7,14,3,uniform,1006,,1.25,1.2857142857142858,18,1120,1,0,0,3373,0,3373,,False,4492,7546,6830,3,932.0153000007849
7,14,3,uniform,1006,,1.5,1.5,21,688,1,0,0,1637,0,1637,4,False,2324,3130,2118,3,180.099600000176
7,14,3,uniform,1006,,1.6,1.5714285714285714,22,496,2,0,0,1086,0,1086,4,False,1580,2014,1302,3,132.06450000143377
7,14,3,uniform,1006,,1.7,1.7142857142857142,24,418,2,0,0,865,0,865,4,False,1281,1552,934,3,143.40289999927336
7,14,3,uniform,1006,,1.8,1.7857142857142858,25,358,2,0,0,683,0,683,4,False,1039,1176,649,3,211.4968999994744
7,14,3,uniform,1006,,1.9,1.9285714285714286,27,267,2,0,0,446,0,446,4,False,711,722,349,3,88.80580000004556
7,14,3,uniform,1006,,2.0,2.0,28,267,2,0,0,446,0,446,4,False,711,722,349,3,57.19360000148299
7,14,3,uniform,1006,,2.1,2.0714285714285716,29,265,2,0,0,445,0,445,4,False,708,721,349,3,53.142700000535115
7,14,3,uniform,1006,,2.2,2.2142857142857144,31,116,5,0,0,119,0,119,4,False,230,161,47,3,39.354399999865564
7,14,3,uniform,1006,,2.3,2.2857142857142856,32,116,5,0,0,119,0,119,4,False,230,161,47,3,34.81869999995979
7,14,3,uniform,1006,,2.4,2.4285714285714284,34,106,5,0,0,109,0,109,4,False,210,149,45,3,32.27089999927557
7,14,3,uniform,1006,,2.5,2.5,35,78,7,0,0,71,0,71,4,False,142,97,29,3,34.459500000593835
7,14,3,uniform,1006,,2.6,2.5714285714285716,36,73,7,0,0,66,0,66,4,False,132,91,28,3,39.47089999928721
7,14,3,uniform,1006,,2.7,2.7142857142857144,38,59,8,0,0,38,0,38,4,False,89,48,11,3,34.062500000800355
7,14,3,uniform,1006,,2.8,2.7857142857142856,39,55,8,0,0,37,0,37,4,False,84,47,11,3,33.49689999959082
7,14,3,uniform,1006,,2.9,2.9285714285714284,41,27,8,0,0,8,0,8,4,False,27,9,1,3,30.640900000435067
7,14,3,uniform,1006,,3.0,3.0,42,26,8,0,0,8,0,8,4,False,26,9,1,3,29.282400000738562
7,14,3,uniform,1006,,3.1,3.0714285714285716,43,26,8,0,0,8,0,8,4,False,26,9,1,3,31.338799999502953
7,14,3,uniform,1006,,3.2,3.2142857142857144,45,22,7,0,0,6,0,6,4,False,21,7,1,3,38.437000001067645
7,14,3,uniform,1006,,3.3,3.2857142857142856,46,16,8,0,0,2,0,2,4,False,10,2,0,3,30.688200000440702
7,14,3,uniform,1006,,3.4,3.4285714285714284,48,11,8,0,0,1,0,1,4,False,4,1,0,3,31.140199998844764
7,14,3,uniform,1006,,3.5,3.5,49,9,6,0,0,1,0,1,4,False,4,1,0,3,29.039199998805998
7,14,3,uniform,1006,,3.75,3.7142857142857144,52,7,4,0,0,1,0,1,4,False,4,1,0,3,71.79899999937334
7,14,3,uniform,1006,,4.0,4.0,56,7,4,0,0,1,0,1,4,False,4,1,0,3,58.92459999995481
7,14,3,uniform,1006,,4.25,4.285714285714286,60,7,4,0,0,1,0,1,4,False,4,1,0,3,74.4061999994301
7,14,3,uniform,1006,,4.5,4.5,63,7,4,0,0,1,0,1,4,False,4,1,0,3,83.69990000028338
7,14,3,uniform,1006,,4.75,4.714285714285714,66,6,3,0,0,1,0,1,4,False,4,1,0,3,70.088599999508
7,14,3,uniform,1006,,5.0,5.0,70,0,0,0,0,0,0,0,,False,0,0,0,3,78.36680000036722
8,14,3,uniform,1007,,1.0,1.0,14,2654,1,9234,,9234,,,,True,11887,0,0,1,73.50349999978789
8,14,3,uniform,1007,,1.25,1.2857142857142858,18,1625,1,1,0,4905,1,4904,,False,6529,10848,9623,3,1572.3044000005757
8,14,3,uniform,1007,,1.5,1.5,21,1289,1,1,0,3537,1,3536,,False,4825,7364,5919,3,640.2569999991101
8,14,3,uniform,1007,,1.6,1.5714285714285714,22,951,1,1,0,2284,1,2283,,False,3234,4339,2922,3,212.6693999998679
8,14,3,uniform,1007,,1.7,1.7142857142857142,24,779,1,1,0,1724,1,1723,4,False,2502,3152,1987,3,128.67109999933746
8,14,3,uniform,1007,,1.8,1.7857142857142858,25,655,1,2,0,1325,2,1323,4,False,1979,2320,1340,3,103.13830000086455
8,14,3,uniform,1007,,1.9,1.9285714285714286,27,549,2,1,0,1056,1,1055,4,False,1603,1844,1069,3,92.6368000000366
8,14,3,uniform,1007,,2.0,2.0,28,546,2,1,0,1049,1,1048,4,False,1593,1834,1066,3,119.04529999992519
8,14,3,uniform,1007,,2.1,2.0714285714285716,29,534,2,1,0,1032,1,1031,4,False,1564,1811,1060,3,101.6754000011133
8,14,3,uniform,1007,,2.2,2.2142857142857144,31,326,1,0,0,492,0,492,4,False,817,748,305,3,53.54810000062571
8,14,3,uniform,1007,,2.3,2.2857142857142856,32,276,2,0,0,397,0,397,4,False,671,592,231,3,52.17430000084278
8,14,3,uniform,1007,,2.4,2.4285714285714284,34,237,2,0,0,328,0,328,4,False,563,486,188,3,58.55450000126439
8,14,3,uniform,1007,,2.5,2.5,35,198,2,0,0,254,0,254,4,False,450,370,139,3,57.23459999899205
8,14,3,uniform,1007,,2.6,2.5714285714285716,36,188,2,0,0,231,0,231,4,False,417,328,113,3,237.5088999997388
8,14,3,uniform,1007,,2.7,2.7142857142857144,38,123,2,0,0,129,0,129,4,False,250,167,40,3,57.82279999948514
8,14,3,uniform,1007,,2.8,2.7857142857142856,39,107,3,0,0,94,0,94,4,False,198,114,20,3,57.97999999958847
8,14,3,uniform,1007,,2.9,2.9285714285714284,41,97,4,0,0,77,0,77,4,False,170,91,14,3,50.64909999964584
8,14,3,uniform,1007,,3.0,3.0,42,95,4,0,0,74,0,74,4,False,165,87,13,3,43.83629999938421
8,14,3,uniform,1007,,3.1,3.0714285714285716,43,86,5,0,0,66,0,66,4,False,147,78,12,3,49.11250000077416
8,14,3,uniform,1007,,3.2,3.2142857142857144,45,61,6,0,0,36,0,36,4,False,91,42,6,3,46.42779999994673
8,14,3,uniform,1007,,3.3,3.2857142857142856,46,46,7,0,0,16,0,16,4,False,55,16,0,3,44.664999999440624
8,14,3,uniform,1007,,3.4,3.4285714285714284,48,27,7,0,0,5,0,5,4,False,25,5,0,3,36.992699999245815
8,14,3,uniform,1007,,3.5,3.5,49,19,5,0,0,3,0,3,4,False,17,3,0,3,39.073300000382005
8,14,3,uniform,1007,,3.75,3.7142857142857144,52,17,4,0,0,3,0,3,4,False,16,3,0,3,32.79180000026827
8,14,3,uniform,1007,,4.0,4.0,56,7,3,0,0,0,0,0,,False,4,0,0,3,34.732899999653455
8,14,3,uniform,1007,,4.25,4.285714285714286,60,4,2,0,0,0,0,0,,False,2,0,0,3,41.255699999965145
8,14,3,uniform,1007,,4.5,4.5,63,4,2,0,0,0,0,0,,False,2,0,0,3,68.36789999942994
8,14,3,uniform,1007,,4.75,4.714285714285714,66,4,2,0,0,0,0,0,,False,2,0,0,3,58.00270000145247
8,14,3,uniform,1007,,5.0,5.0,70,0,0,0,0,0,0,0,,False,0,0,0,3,57.642800000394345
9,14,3,uniform,1008,,1.0,1.0,14,3180,1,11999,,11999,,,,True,15178,0,0,1,85.21739999923739
9,14,3,uniform,1008,,1.25,1.2857142857142858,18,1948,1,0,0,6535,0,6535,,False,8482,15784,16391,3,2885.3053000002546
9,14,3,uniform,1008,,1.5,1.5,21,1260,1,0,0,3591,0,3591,,False,4850,7712,6549,3,546.5768999983993
9,14,3,uniform,1008,,1.6,1.5714285714285714,22,1143,1,0,0,3148,0,3148,,False,4290,6597,5355,3,417.71200000039244
9,14,3,uniform,1008,,1.7,1.7142857142857142,24,715,2,2,0,1626,2,1624,4,False,2339,3031,1984,3,159.69229999973322
9,14,3,uniform,1008,,1.8,1.7857142857142858,25,661,2,2,0,1486,2,1484,4,False,2145,2743,1758,3,142.68149999952584
9,14,3,uniform,1008,,1.9,1.9285714285714286,27,461,1,2,0,897,2,895,4,False,1357,1513,799,3,91.0660999998072
9,14,3,uniform,1008,,2.0,2.0,28,413,1,2,0,761,2,759,4,False,1173,1241,607,3,72.43510000080278
9,14,3,uniform,1008,,2.1,2.0714285714285716,29,392,1,2,0,703,2,701,4,False,1094,1132,538,3,70.29979999970237
9,14,3,uniform,1008,,2.2,2.2142857142857144,31,284,1,1,0,471,1,470,4,False,754,733,321,3,56.660700000065845
9,14,3,uniform,1008,,2.3,2.2857142857142856,32,254,1,1,0,410,1,409,4,False,663,635,277,3,47.90379999940342
9,14,3,uniform,1008,,2.4,2.4285714285714284,34,150,2,0,0,183,0,183,4,False,331,255,81,3,42.64130000046862
9,14,3,uniform,1008,,2.5,2.5,35,145,3,0,0,177,0,177,4,False,319,248,80,3,42.760799999086885
9,14,3,uniform,1008,,2.6,2.5714285714285716,36,134,3,0,0,159,0,159,4,False,290,222,71,3,53.65600000004633
9,14,3,uniform,1008,,2.7,2.7142857142857144,38,120,4,0,0,140,0,140,4,False,256,198,66,3,79.12890000079642
9,14,3,uniform,1008,,2.8,2.7857142857142856,39,116,4,0,0,136,0,136,4,False,248,193,65,3,57.238600000346196
9,14,3,uniform,1008,,2.9,2.9285714285714284,41,94,4,0,0,105,0,105,4,False,195,150,52,3,46.77140000057989
9,14,3,uniform,1008,,3.0,3.0,42,94,4,0,0,105,0,105,4,False,195,150,52,3,70.60160000037285
9,14,3,uniform,1008,,3.1,3.0714285714285716,43,66,5,0,0,66,0,66,4,False,127,91,28,3,76.3093999994453
9,14,3,uniform,1008,,3.2,3.2142857142857144,45,50,5,0,0,40,0,40,4,False,85,52,13,3,45.52909999983967
9,14,3,uniform,1008,,3.3,3.2857142857142856,46,48,4,0,0,40,0,40,4,False,84,52,13,3,89.06370000113384
9,14,3,uniform,1008,,3.4,3.4285714285714284,48,48,4,0,0,40,0,40,4,False,84,52,13,3,110.32260000138194
9,14,3,uniform,1008,,3.5,3.5,49,48,4,0,0,40,0,40,4,False,84,52,13,3,59.781799998745555
9,14,3,uniform,1008,,3.75,3.7142857142857144,52,26,2,0,0,19,0,19,4,False,43,23,4,3,34.5259999994596
9,14,3,uniform,1008,,4.0,4.0,56,14,3,0,0,4,0,4,4,False,15,4,0,3,36.01459999845247
9,14,3,uniform,1008,,4.25,4.285714285714286,60,13,3,0,0,4,0,4,4,False,14,4,0,3,36.4806999987195
9,14,3,uniform,1008,,4.5,4.5,63,4,3,0,0,0,0,0,,False,1,0,0,3,35.31759999896167
9,14,3,uniform,1008,,4.75,4.714285714285714,66,4,3,0,0,0,0,0,,False,1,0,0,3,39.06699999970442
9,14,3,uniform,1008,,5.0,5.0,70,4,3,0,0,0,0,0,,False,1,0,0,3,30.231800001274678
10,14,3,uniform,1009,,1.0,1.0,14,2112,1,0,0,6806,0,6806,,False,8917,15805,15247,3,2511.7324000002554
10,14,3,uniform,1009,,1.25,1.2857142857142858,18,1326,1,0,0,3821,0,3821,,False,5146,8238,7004,3,1178.5856999995303
10,14,3,uniform,1009,,1.5,1.5,21,887,1,0,0,2252,0,2252,,False,3138,4453,3220,3,302.19949999991513
10,14,3,uniform,1009,,1.6,1.5714285714285714,22,727,1,0,0,1714,0,1714,4,False,2440,3234,2140,3,158.89179999976477
10,14,3,uniform,1009,,1.7,1.7142857142857142,24,605,1,0,0,1402,0,1402,4,False,2006,2639,1752,3,138.10989999910817
10,14,3,uniform,1009,,1.8,1.7857142857142858,25,605,1,0,0,1402,0,1402,4,False,2006,2639,1752,3,128.5978999985673
10,14,3,uniform,1009,,1.9,1.9285714285714286,27,333,1,0,0,603,0,603,4,False,935,978,467,3,58.93180000020948
10,14,3,uniform,1009,,2.0,2.0,28,237,2,0,0,353,0,353,4,False,588,523,197,3,45.521199999711826
10,14,3,uniform,1009,,2.1,2.0714285714285716,29,237,2,0,0,353,0,353,4,False,588,523,197,3,43.71699999865086
10,14,3,uniform,1009,,2.2,2.2142857142857144,31,190,2,0,0,278,0,278,4,False,466,413,157,3,41.7596000006597
10,14,3,uniform,1009,,2.3,2.2857142857142856,32,165,2,0,0,217,0,217,4,False,380,306,99,3,51.73020000074757
10,14,3,uniform,1009,,2.4,2.4285714285714284,34,138,2,0,0,177,0,177,4,False,313,250,82,3,36.24450000097568
10,14,3,uniform,1009,,2.5,2.5,35,124,2,0,0,165,0,165,4,False,287,236,80,3,38.94389999913983
10,14,3,uniform,1009,,2.6,2.5714285714285716,36,121,2,0,0,164,0,164,4,False,283,235,80,3,39.0943000002153
10,14,3,uniform,1009,,2.7,2.7142857142857144,38,77,2,0,0,81,0,81,4,False,156,103,22,3,34.169399999882444
10,14,3,uniform,1009,,2.8,2.7857142857142856,39,74,2,0,0,77,0,77,4,False,149,98,21,3,34.40270000101009
10,14,3,uniform,1009,,2.9,2.9285714285714284,41,66,2,0,0,69,0,69,4,False,133,88,19,3,32.137000000147964
10,14,3,uniform,1009,,3.0,3.0,42,64,1,0,0,69,0,69,4,False,132,88,19,3,40.96969999955036
10,14,3,uniform,1009,,3.1,3.0714285714285716,43,60,1,0,0,63,0,63,4,False,122,80,17,3,32.2509000015998
10,14,3,uniform,1009,,3.2,3.2142857142857144,45,54,3,0,0,57,0,57,4,False,108,73,16,3,38.589100000535836
10,14,3,uniform,1009,,3.3,3.2857142857142856,46,41,1,0,0,44,0,44,4,False,84,56,12,3,32.83289999853878
10,14,3,uniform,1009,,3.4,3.4285714285714284,48,36,1,0,0,37,0,37,4,False,72,47,10,3,37.744700000985176
10,14,3,uniform,1009,,3.5,3.5,49,36,1,0,0,37,0,37,4,False,72,47,10,3,34.23240000120131
10,14,3,uniform,1009,,3.75,3.7142857142857144,52,2,1,0,0,0,0,0,,False,1,0,0,3,37.05640000043786
10,14,3,uniform,1009,,4.0,4.0,56,2,1,0,0,0,0,0,,False,1,0,0,3,29.5179000004282
10,14,3,uniform,1009,,4.25,4.285714285714286,60,0,0,0,0,0,0,0,,False,0,0,0,3,35.63089999988733
10,14,3,uniform,1009,,4.5,4.5,63,0,0,0,0,0,0,0,,False,0,0,0,3,26.644400000805035
10,14,3,uniform,1009,,4.75,4.714285714285714,66,0,0,0,0,0,0,0,,False,0,0,0,3,36.031999999977415
10,14,3,uniform,1009,,5.0,5.0,70,0,0,0,0,0,0,0,,False,0,0,0,3,32.22719999939727
11,14,3,uniform,1010,,1.0,1.0,14,2380,1,0,0,8175,0,8175,,False,10554,19815,20450,3,4002.755800000159
11,14,3,uniform,1010,,1.25,1.2857142857142858,18,1520,1,0,0,4421,0,4421,,False,5940,9458,7842,3,788.9628000011726
11,14,3,uniform,1010,,1.5,1.5,21,1178,1,1,0,3133,1,3132,,False,4310,6376,4904,3,422.9885999993712
11,14,3,uniform,1010,,1.6,1.5714285714285714,22,917,1,1,0,2206,1,2205,,False,3122,4225,2903,3,215.81200000036915
11,14,3,uniform,1010,,1.7,1.7142857142857142,24,502,2,0,0,1039,0,1039,4,False,1539,1855,1106,3,89.16839999983495
11,14,3,uniform,1010,,1.8,1.7857142857142858,25,490,2,0,0,1019,0,1019,4,False,1507,1824,1093,3,85.66350000000966
11,14,3,uniform,1010,,1.9,1.9285714285714286,27,372,2,0,0,667,0,667,4,False,1037,1085,518,3,65.35359999907087
11,14,3,uniform,1010,,2.0,2.0,28,260,2,0,0,400,0,400,4,False,658,614,262,3,51.497399999789195
11,14,3,uniform,1010,,2.1,2.0714285714285716,29,214,2,0,0,327,0,327,4,False,539,512,230,3,49.74410000068019
11,14,3,uniform,1010,,2.2,2.2142857142857144,31,155,3,0,0,213,0,213,4,False,365,310,111,3,38.58519999994314
11,14,3,uniform,1010,,2.3,2.2857142857142856,32,145,2,0,0,205,0,205,4,False,348,300,109,3,39.170300000478164
11,14,3,uniform,1010,,2.4,2.4285714285714284,34,105,2,0,0,135,0,135,4,False,238,191,63,3,36.29200000068522
11,14,3,uniform,1010,,2.5,2.5,35,81,3,0,0,92,0,92,4,False,170,127,39,3,34.85079999882146
11,14,3,uniform,1010,,2.6,2.5714285714285716,36,61,3,0,0,54,0,54,4,False,112,67,13,3,34.04630000113684
11,14,3,uniform,1010,,2.7,2.7142857142857144,38,50,3,0,0,36,0,36,4,False,83,42,6,3,33.400000000256114
11,14,3,uniform,1010,,2.8,2.7857142857142856,39,46,3,0,0,29,0,29,4,False,72,35,6,3,32.915699999648496
11,14,3,uniform,1010,,2.9,2.9285714285714284,41,34,2,0,0,27,0,27,4,False,59,33,6,3,33.602699999391916
11,14,3,uniform,1010,,3.0,3.0,42,28,2,0,0,20,0,20,4,False,46,24,4,3,30.067300000155228
11,14,3,uniform,1010,,3.1,3.0714285714285716,43,28,2,0,0,20,0,20,4,False,46,24,4,3,34.95859999929962
11,14,3,uniform,1010,,3.2,3.2142857142857144,45,28,2,0,0,20,0,20,4,False,46,24,4,3,32.57370000028459
11,14,3,uniform,1010,,3.3,3.2857142857142856,46,28,2,0,0,20,0,20,4,False,46,24,4,3,35.575100000642124
11,14,3,uniform,1010,,3.4,3.4285714285714284,48,18,4,0,0,5,0,5,4,False,19,5,0,3,31.666799999584327
11,14,3,uniform,1010,,3.5,3.5,49,18,4,0,0,5,0,5,4,False,19,5,0,3,39.317799999480485
11,14,3,uniform,1010,,3.75,3.7142857142857144,52,11,3,0,0,3,0,3,4,False,11,3,0,3,30.343700000230456
11,14,3,uniform,1010,,4.0,4.0,56,10,2,0,0,3,0,3,4,False,11,3,0,3,34.68599999905564
11,14,3,uniform,1010,,4.25,4.285714285714286,60,2,1,0,0,0,0,0,,False,1,0,0,3,31.434500000614207
11,14,3,uniform,1010,,4.5,4.5,63,2,1,0,0,0,0,0,,False,1,0,0,3,34.03160000016214
11,14,3,uniform,1010,,4.75,4.714285714285714,66,0,0,0,0,0,0,0,,False,0,0,0,3,32.69700000055309
11,14,3,uniform,1010,,5.0,5.0,70,0,0,0,0,0,0,0,,False,0,0,0,3,31.75369999917166
12,14,3,uniform,1011,,1.0,1.0,14,1975,1,1,0,6165,1,6164,,False,8139,13893,12669,3,1714.0776999985974
12,14,3,uniform,1011,,1.25,1.2857142857142858,18,897,1,1,0,2327,1,2326,,False,3223,4746,3709,3,287.45920000073966
12,14,3,uniform,1011,,1.5,1.5,21,529,1,1,0,1176,1,1175,4,False,1704,2189,1443,3,101.95790000034322
12,14,3,uniform,1011,,1.6,1.5714285714285714,22,426,1,1,0,889,1,888,4,False,1314,1603,995,3,82.43600000059814
12,14,3,uniform,1011,,1.7,1.7142857142857142,24,293,3,0,0,566,0,566,4,False,856,1011,622,3,63.42149999909452
12,14,3,uniform,1011,,1.8,1.7857142857142858,25,286,4,0,0,558,0,558,4,False,840,1001,620,3,59.508299998924485
12,14,3,uniform,1011,,1.9,1.9285714285714286,27,243,4,0,0,431,0,431,4,False,670,734,407,3,49.92759999913687
12,14,3,uniform,1011,,2.0,2.0,28,214,4,0,0,346,0,346,4,False,556,552,259,3,47.69239999950514
12,14,3,uniform,1011,,2.1,2.0714285714285716,29,99,5,0,0,118,0,118,4,False,212,167,55,3,38.2685999993555
12,14,3,uniform,1011,,2.2,2.2142857142857144,31,76,2,0,0,95,0,95,4,False,169,135,45,3,34.63299999930314
12,14,3,uniform,1011,,2.3,2.2857142857142856,32,66,2,0,0,74,0,74,4,False,138,97,23,3,33.83620000022347
12,14,3,uniform,1011,,2.4,2.4285714285714284,34,66,2,0,0,74,0,74,4,False,138,97,23,3,32.27550000156043
12,14,3,uniform,1011,,2.5,2.5,35,66,2,0,0,74,0,74,4,False,138,97,23,3,30.19959999983257
12,14,3,uniform,1011,,2.6,2.5714285714285716,36,66,2,0,0,74,0,74,4,False,138,97,23,3,37.311699999918346
12,14,3,uniform,1011,,2.7,2.7142857142857144,38,22,3,0,0,9,0,9,4,False,28,9,0,3,34.70430000015767
12,14,3,uniform,1011,,2.8,2.7857142857142856,39,22,3,0,0,9,0,9,4,False,28,9,0,3,30.824999999822467
12,14,3,uniform,1011,,2.9,2.9285714285714284,41,22,3,0,0,9,0,9,4,False,28,9,0,3,34.74290000121982
12,14,3,uniform,1011,,3.0,3.0,42,18,4,0,0,6,0,6,4,False,20,6,0,3,29.472799998984556
12,14,3,uniform,1011,,3.1,3.0714285714285716,43,18,4,0,0,6,0,6,4,False,20,6,0,3,30.42509999977483
12,14,3,uniform,1011,,3.2,3.2142857142857144,45,7,3,0,0,0,0,0,,False,4,0,0,3,36.02589999900374
12,14,3,uniform,1011,,3.3,3.2857142857142856,46,7,3,0,0,0,0,0,,False,4,0,0,3,30.62599999975646
12,14,3,uniform,1011,,3.4,3.4285714285714284,48,6,3,0,0,0,0,0,,False,3,0,0,3,41.76240000015241
12,14,3,uniform,1011,,3.5,3.5,49,3,3,0,0,0,0,0,,False,0,0,0,3,32.03899999971327
12,14,3,uniform,1011,,3.75,3.7142857142857144,52,3,3,0,0,0,0,0,,False,0,0,0,3,32.27030000016384
12,14,3,uniform,1011,,4.0,4.0,56,2,2,0,0,0,0,0,,False,0,0,0,3,40.46419999940554
12,14,3,uniform,1011,,4.25,4.285714285714286,60,2,2,0,0,0,0,0,,False,0,0,0,3,31.02020000005723
12,14,3,uniform,1011,,4.5,4.5,63,1,1,0,0,0,0,0,,False,0,0,0,3,35.40179999981774
12,14,3,uniform,1011,,4.75,4.714285714285714,66,1,1,0,0,0,0,0,,False,0,0,0,3,31.419999999343418
12,14,3,uniform,1011,,5.0,5.0,70,1,1,0,0,0,0,0,,False,0,0,0,3,34.606799999892246
13,14,3,planted,1012,11091,1.0,1.0,14,2960,1,10595,,10595,,,,True,13554,0,0,1,52.155499999571475
13,14,3,planted,1012,11091,1.25,1.2857142857142858,18,1799,1,0,0,5434,0,5434,,False,7232,11844,10092,3,1118.430200000148
13,14,3,planted,1012,11091,1.5,1.5,21,1399,1,0,0,4081,0,4081,,False,5479,8762,7325,3,662.5523999991856
13,14,3,planted,1012,11091,1.6,1.5714285714285714,22,1186,1,0,0,3252,0,3252,,False,4437,6727,5294,3,426.6280000010738
13,14,3,planted,1012,11091,1.7,1.7142857142857142,24,1101,1,0,0,2958,0,2958,,False,4058,6066,4718,3,395.0905999990937
13,14,3,planted,1012,11091,1.8,1.7857142857142858,25,827,1,0,0,1991,0,1991,,False,2817,3797,2571,3,179.66029999843158
13,14,3,planted,1012,11091,1.9,1.9285714285714286,27,624,1,0,0,1439,0,1439,4,False,2062,2726,1841,3,123.05889999879582
13,14,3,planted,1012,11091,2.0,2.0,28,557,1,0,0,1239,0,1239,4,False,1795,2309,1519,3,102.72900000018126
13,14,3,planted,1012,11091,2.1,2.0714285714285716,29,517,1,0,0,1126,0,1126,4,False,1642,2090,1374,3,96.18390000105137
13,14,3,planted,1012,11091,2.2,2.2142857142857144,31,283,3,0,0,442,0,442,4,False,722,690,305,3,43.856799999048235
13,14,3,planted,1012,11091,2.3,2.2857142857142856,32,225,3,0,0,322,0,322,4,False,544,484,192,3,42.85689999960596
13,14,3,planted,1012,11091,2.4,2.4285714285714284,34,209,3,0,0,284,0,284,4,False,490,415,151,3,44.783499999539345
13,14,3,planted,1012,11091,2.5,2.5,35,183,3,0,0,235,0,235,4,False,415,338,118,3,41.83759999978065
13,14,3,planted,1012,11091,2.6,2.5714285714285716,36,166,3,0,0,209,0,209,4,False,372,299,103,3,44.17790000115929
13,14,3,planted,1012,11091,2.7,2.7142857142857144,38,124,3,0,0,125,0,125,4,False,246,158,33,3,42.45479999917734
13,14,3,planted,1012,11091,2.8,2.7857142857142856,39,110,3,0,0,110,0,110,4,False,217,139,29,3,35.93890000047395
13,14,3,planted,1012,11091,2.9,2.9285714285714284,41,103,3,0,0,102,0,102,4,False,202,129,27,3,37.86479999871517
13,14,3,planted,1012,11091,3.0,3.0,42,94,3,0,0,87,0,87,4,False,178,109,22,3,40.59189999861701
13,14,3,planted,1012,11091,3.1,3.0714285714285716,43,94,3,0,0,87,0,87,4,False,178,109,22,3,32.86690000095405
13,14,3,planted,1012,11091,3.2,3.2142857142857144,45,88,2,0,0,86,0,86,4,False,172,108,22,3,38.66559999914898
13,14,3,planted,1012,11091,3.3,3.2857142857142856,46,82,2,0,0,79,0,79,4,False,159,99,20,3,33.201399999597925
13,14,3,planted,1012,11091,3.4,3.4285714285714284,48,58,3,0,0,52,0,52,4,False,107,65,13,3,33.22190000108094
13,14,3,planted,1012,11091,3.5,3.5,49,56,2,0,0,52,0,52,4,False,106,65,13,3,38.95630000079109
13,14,3,planted,1012,11091,3.75,3.7142857142857144,52,41,2,0,0,28,0,28,4,False,67,32,4,3,31.105699999898206
13,14,3,planted,1012,11091,4.0,4.0,56,28,2,0,0,14,0,14,4,False,40,15,1,3,133.50100000025122
13,14,3,planted,1012,11091,4.25,4.285714285714286,60,22,1,0,0,12,0,12,4,False,33,13,1,3,53.85000000023865
13,14,3,planted,1012,11091,4.5,4.5,63,17,3,0,0,5,0,5,4,False,19,5,0,3,36.506500000541564
13,14,3,planted,1012,11091,4.75,4.714285714285714,66,10,1,0,0,4,0,4,4,False,13,4,0,3,37.32720000152767
13,14,3,planted,1012,11091,5.0,5.0,70,9,1,0,0,3,0,3,4,False,11,3,0,3,32.38899999996647
14,14,3,planted,1013,16117,1.0,1.0,14,2506,1,8408,,8408,,,,True,10913,0,0,1,46.4564000012615
14,14,3,planted,1013,16117,1.25,1.2857142857142858,18,1564,1,0,1,4327,0,4327,,False,5890,8902,6901,3,564.4066999993811
14,14,3,planted,1013,16117,1.5,1.5,21,993,1,0,0,2355,0,2355,,False,3347,4424,2920,3,308.41850000069826
14,14,3,planted,1013,16117,1.6,1.5714285714285714,22,741,1,3,0,1461,3,1458,4,False,2201,2489,1364,3,98.60929999922519
14,14,3,planted,1013,16117,1.7,1.7142857142857142,24,506,1,4,0,774,4,770,4,False,1279,1143,441,3,58.65380000068399
14,14,3,planted,1013,16117,1.8,1.7857142857142858,25,402,2,2,0,584,2,582,4,False,984,857,325,3,49.2244999986724
14,14,3,planted,1013,16117,1.9,1.9285714285714286,27,349,3,2,0,490,2,488,4,False,836,716,269,3,44.27880000002915
14,14,3,planted,1013,16117,2.0,2.0,28,331,4,1,0,467,1,466,4,False,794,689,264,3,42.020099999717786
14,14,3,planted,1013,16117,2.1,2.0714285714285716,29,269,5,1,0,357,1,356,4,False,621,519,190,3,41.64119999950344
14,14,3,planted,1013,16117,2.2,2.2142857142857144,31,192,4,0,0,246,0,246,4,False,434,351,119,3,38.15949999989243
14,14,3,planted,1013,16117,2.3,2.2857142857142856,32,183,4,0,0,226,0,226,4,False,405,319,105,3,37.169499999436084
14,14,3,planted,1013,16117,2.4,2.4285714285714284,34,144,4,0,0,163,0,163,4,False,303,222,65,3,38.87450000001991
14,14,3,planted,1013,16117,2.5,2.5,35,105,3,0,0,107,0,107,4,False,209,138,32,3,41.85059999872465
14,14,3,planted,1013,16117,2.6,2.5714285714285716,36,96,3,0,0,91,0,91,4,False,184,115,25,3,36.41570000036154
14,14,3,planted,1013,16117,2.7,2.7142857142857144,38,70,4,0,0,54,0,54,4,False,120,65,11,3,34.815099999832455
14,14,3,planted,1013,16117,2.8,2.7857142857142856,39,47,5,0,0,28,0,28,4,False,70,33,5,3,35.7665999999881
14,14,3,planted,1013,16117,2.9,2.9285714285714284,41,38,5,0,0,20,0,20,4,False,53,24,4,3,31.550499999866588
14,14,3,planted,1013,16117,3.0,3.0,42,34,5,0,0,18,0,18,4,False,47,22,4,3,32.13359999972454
14,14,3,planted,1013,16117,3.1,3.0714285714285716,43,34,5,0,0,18,0,18,4,False,47,22,4,3,29.4235999990633
14,14,3,planted,1013,16117,3.2,3.2142857142857144,45,34,5,0,0,18,0,18,4,False,47,22,4,3,32.674100000804174
14,14,3,planted,1013,16117,3.3,3.2857142857142856,46,26,6,0,0,7,0,7,4,False,27,8,1,3,30.237500001021544
14,14,3,planted,1013,16117,3.4,3.4285714285714284,48,23,5,0,0,7,0,7,4,False,25,8,1,3,29.68710000095598
14,14,3,planted,1013,16117,3.5,3.5,49,23,5,0,0,7,0,7,4,False,25,8,1,3,31.261000000085915
14,14,3,planted,1013,16117,3.75,3.7142857142857144,52,19,5,0,0,5,0,5,4,False,19,6,1,3,30.783700000029057
14,14,3,planted,1013,16117,4.0,4.0,56,15,3,0,0,5,0,5,4,False,17,6,1,3,33.017100000506616
14,14,3,planted,1013,16117,4.25,4.285714285714286,60,15,3,0,0,5,0,5,4,False,17,6,1,3,32.41800000068906
14,14,3,planted,1013,16117,4.5,4.5,63,14,2,0,0,5,0,5,4,False,17,6,1,3,30.520599999363185
14,14,3,planted,1013,16117,4.75,4.714285714285714,66,6,2,0,0,0,0,0,,False,4,0,0,3,30.99070000098436
14,14,3,planted,1013,16117,5.0,5.0,70,2,1,0,0,0,0,0,,False,1,0,0,3,30.18299999894225
15,14,3,planted,1014,186,1.0,1.0,14,1948,1,0,0,6645,0,6645,,False,8592,16159,16865,3,1941.1550000004354
15,14,3,planted,1014,186,1.25,1.2857142857142858,18,892,1,0,0,2342,0,2342,,False,3233,4753,3614,3,252.88259999979346
15,14,3,planted,1014,186,1.5,1.5,21,578,1,0,0,1266,0,1266,4,False,1843,2290,1385,3,100.10940000029223
15,14,3,planted,1014,186,1.6,1.5714285714285714,22,542,1,0,0,1205,0,1205,4,False,1746,2195,1345,3,127.78449999859731
15,14,3,planted,1014,186,1.7,1.7142857142857142,24,439,1,0,0,897,0,897,4,False,1335,1556,862,3,76.4032999995834
15,14,3,planted,1014,186,1.8,1.7857142857142858,25,436,1,0,0,895,0,895,4,False,1330,1554,862,3,77.73400000041875
15,14,3,planted,1014,186,1.9,1.9285714285714286,27,386,2,0,0,765,0,765,4,False,1149,1312,711,3,74.21319999957632
15,14,3,planted,1014,186,2.0,2.0,28,322,2,1,0,571,1,570,4,False,891,934,463,3,55.312799999228446
15,14,3,planted,1014,186,2.1,2.0714285714285716,29,253,3,0,0,443,0,443,4,False,693,737,379,3,51.391000000876375
15,14,3,planted,1014,186,2.2,2.2142857142857144,31,200,4,0,0,302,0,302,4,False,498,473,211,3,47.66050000034738
15,14,3,planted,1014,186,2.3,2.2857142857142856,32,175,4,0,0,243,0,243,4,False,414,367,148,3,47.831600000790786
15,14,3,planted,1014,186,2.4,2.4285714285714284,34,149,5,0,0,184,0,184,4,False,328,269,101,3,43.06109999924956
15,14,3,planted,1014,186,2.5,2.5,35,142,3,0,0,183,0,183,4,False,322,268,101,3,44.58849999900849
15,14,3,planted,1014,186,2.6,2.5714285714285716,36,142,3,0,0,183,0,183,4,False,322,268,101,3,38.15030000077968
15,14,3,planted,1014,186,2.7,2.7142857142857144,38,118,3,0,0,135,0,135,4,False,250,198,77,3,36.535499999445165
15,14,3,planted,1014,186,2.8,2.7857142857142856,39,118,3,0,0,135,0,135,4,False,250,198,77,3,37.115900000571855
15,14,3,planted,1014,186,2.9,2.9285714285714284,41,71,4,0,0,51,0,51,4,False,118,67,18,3,33.15469999870402
15,14,3,planted,1014,186,3.0,3.0,42,64,4,0,0,48,0,48,4,False,108,64,18,3,38.02200000063749
15,14,3,planted,1014,186,3.1,3.0714285714285716,43,60,4,0,0,46,0,46,4,False,102,62,18,3,30.646799999885843
15,14,3,planted,1014,186,3.2,3.2142857142857144,45,52,5,0,0,38,0,38,4,False,85,52,16,3,37.672300000849646
15,14,3,planted,1014,186,3.3,3.2857142857142856,46,37,5,0,0,14,0,14,4,False,46,17,3,3,33.155499999338645
15,14,3,planted,1014,186,3.4,3.4285714285714284,48,36,5,0,0,14,0,14,4,False,45,17,3,3,39.416699999492266
15,14,3,planted,1014,186,3.5,3.5,49,34,4,0,0,14,0,14,4,False,44,17,3,3,29.67509999871254
15,14,3,planted,1014,186,3.75,3.7142857142857144,52,18,6,0,0,7,0,7,4,False,19,8,1,3,35.29759999946691
15,14,3,planted,1014,186,4.0,4.0,56,15,4,0,0,7,0,7,4,False,18,8,1,3,28.447599999708473
15,14,3,planted,1014,186,4.25,4.285714285714286,60,9,1,0,0,3,0,3,4,False,11,3,0,3,39.257599999473314
15,14,3,planted,1014,186,4.5,4.5,63,9,1,0,0,3,0,3,4,False,11,3,0,3,29.760200000964687
15,14,3,planted,1014,186,4.75,4.714285714285714,66,7,1,0,0,2,0,2,4,False,8,2,0,3,34.909199999674456
15,14,3,planted,1014,186,5.0,5.0,70,4,1,0,0,1,0,1,4,False,4,1,0,3,27.06399999988207
16,14,3,planted,1015,3400,1.0,1.0,14,2072,1,0,1,6393,0,6393,,False,8464,14104,12263,3,1439.0149000009842
16,14,3,planted,1015,3400,1.25,1.2857142857142858,18,1226,1,0,1,3172,0,3172,,False,4397,6203,4341,3,358.41900000013993
16,14,3,planted,1015,3400,1.5,1.5,21,959,1,0,1,2244,0,2244,,False,3202,4087,2470,3,192.9399000000558
16,14,3,planted,1015,3400,1.6,1.5714285714285714,22,818,1,0,0,1828,0,1828,,False,2645,3269,1919,3,143.59150000018417
16,14,3,planted,1015,3400,1.7,1.7142857142857142,24,729,1,0,0,1565,0,1565,4,False,2293,2732,1528,3,123.28319999869564
16,14,3,planted,1015,3400,1.8,1.7857142857142858,25,631,1,0,0,1269,0,1269,4,False,1899,2141,1115,3,107.77059999963967
16,14,3,planted,1015,3400,1.9,1.9285714285714286,27,611,1,0,0,1227,0,1227,4,False,1837,2073,1085,3,107.6680000005581
16,14,3,planted,1015,3400,2.0,2.0,28,446,1,1,0,797,1,796,4,False,1242,1284,614,3,74.76630000019213
16,14,3,planted,1015,3400,2.1,2.0714285714285716,29,414,1,0,0,712,0,712,4,False,1125,1130,523,3,70.97789999897941
16,14,3,planted,1015,3400,2.2,2.2142857142857144,31,368,1,0,0,631,0,631,4,False,998,1011,481,3,71.27799999943818
16,14,3,planted,1015,3400,2.3,2.2857142857142856,32,284,2,0,0,467,0,467,4,False,749,763,384,3,63.1310000007943
16,14,3,planted,1015,3400,2.4,2.4285714285714284,34,266,2,0,0,409,0,409,4,False,673,638,285,3,66.74960000054853
16,14,3,planted,1015,3400,2.5,2.5,35,246,1,0,0,390,0,390,4,False,635,615,281,3,66.17279999954917
16,14,3,planted,1015,3400,2.6,2.5714285714285716,36,196,2,0,0,318,0,318,4,False,512,521,259,3,61.18369999967399
16,14,3,planted,1015,3400,2.7,2.7142857142857144,38,172,2,0,0,239,0,239,4,False,409,353,132,3,52.50750000050175
16,14,3,planted,1015,3400,2.8,2.7857142857142856,39,144,2,0,0,181,0,181,4,False,323,260,91,3,51.633200000651414
16,14,3,planted,1015,3400,2.9,2.9285714285714284,41,142,2,0,0,180,0,180,4,False,320,259,91,3,51.62190000010014
16,14,3,planted,1015,3400,3.0,3.0,42,120,3,0,0,151,0,151,4,False,268,217,76,3,61.47389999932784
16,14,3,planted,1015,3400,3.1,3.0714285714285716,43,120,3,0,0,151,0,151,4,False,268,217,76,3,49.29280000033032
16,14,3,planted,1015,3400,3.2,3.2142857142857144,45,120,3,0,0,151,0,151,4,False,268,217,76,3,52.010000001246226
16,14,3,planted,1015,3400,3.3,3.2857142857142856,46,113,3,0,0,139,0,139,4,False,249,199,69,3,52.233100001103594
16,14,3,planted,1015,3400,3.4,3.4285714285714284,48,38,3,0,0,24,0,24,4,False,59,28,4,3,47.759299999597715
16,14,3,planted,1015,3400,3.5,3.5,49,38,3,0,0,24,0,24,4,False,59,28,4,3,44.55319999942731
16,14,3,planted,1015,3400,3.75,3.7142857142857144,52,17,2,0,0,8,0,8,4,False,23,8,0,3,43.24500000075204
16,14,3,planted,1015,3400,4.0,4.0,56,11,2,0,0,4,0,4,4,False,13,4,0,3,37.357999999585445
16,14,3,planted,1015,3400,4.25,4.285714285714286,60,9,2,0,0,3,0,3,4,False,10,3,0,3,30.28439999980037
16,14,3,planted,1015,3400,4.5,4.5,63,7,2,0,0,2,0,2,4,False,7,2,0,3,31.26489999885962
16,14,3,planted,1015,3400,4.75,4.714285714285714,66,7,2,0,0,2,0,2,4,False,7,2,0,3,67.97290000031353
16,14,3,planted,1015,3400,5.0,5.0,70,6,1,0,0,2,0,2,4,False,7,2,0,3,59.18759999985923
17,14,3,planted,1016,11954,1.0,1.0,14,2410,1,0,0,8080,0,8080,,False,10489,18932,18159,3,2554.4441000001825
17,14,3,planted,1016,11954,1.25,1.2857142857142858,18,1656,1,0,0,4782,0,4782,,False,6437,10052,7993,3,673.951799999486
17,14,3,planted,1016,11954,1.5,1.5,21,1228,1,0,0,3229,0,3229,,False,4456,6428,4654,3,351.550600000337
17,14,3,planted,1016,11954,1.6,1.5714285714285714,22,1082,1,0,0,2772,0,2772,,False,3853,5463,3915,3,276.33090000017546
17,14,3,planted,1016,11954,1.7,1.7142857142857142,24,837,1,0,0,1884,0,1884,,False,2720,3396,2032,3,139.0188000004855
17,14,3,planted,1016,11954,1.8,1.7857142857142858,25,803,1,0,0,1803,0,1803,,False,2605,3249,1945,3,150.37610000035784
17,14,3,planted,1016,11954,1.9,1.9285714285714286,27,557,1,2,0,1048,2,1046,4,False,1604,1720,857,3,71.49530000060622
17,14,3,planted,1016,11954,2.0,2.0,28,486,1,2,0,847,2,845,4,False,1332,1319,572,3,61.85809999988123
17,14,3,planted,1016,11954,2.1,2.0714285714285716,29,386,1,2,0,630,2,628,4,False,1015,963,405,3,53.13460000070336
17,14,3,planted,1016,11954,2.2,2.2142857142857144,31,323,1,2,0,484,2,482,4,False,806,704,256,3,50.08399999860558
17,14,3,planted,1016,11954,2.3,2.2857142857142856,32,296,1,2,0,442,2,440,4,False,737,642,233,3,54.58029999863356
17,14,3,planted,1016,11954,2.4,2.4285714285714284,34,221,1,0,0,278,0,278,4,False,498,374,103,3,44.03889999957755
17,14,3,planted,1016,11954,2.5,2.5,35,210,1,0,0,263,0,263,4,False,472,354,98,3,44.28860000007262
17,14,3,planted,1016,11954,2.6,2.5714285714285716,36,174,1,0,0,194,0,194,4,False,367,253,62,3,43.309899998348556
17,14,3,planted,1016,11954,2.7,2.7142857142857144,38,147,1,0,0,150,0,150,4,False,296,188,38,3,44.405799999367446
17,14,3,planted,1016,11954,2.8,2.7857142857142856,39,132,1,0,0,128,0,128,4,False,259,158,30,3,39.19979999955103
17,14,3,planted,1016,11954,2.9,2.9285714285714284,41,86,2,0,0,67,0,67,4,False,151,80,13,3,34.00820000024396
17,14,3,planted,1016,11954,3.0,3.0,42,85,2,0,0,66,0,66,4,False,149,79,13,3,36.1254999988887
17,14,3,planted,1016,11954,3.1,3.0714285714285716,43,84,2,0,0,66,0,66,4,False,148,79,13,3,36.20580000097107
17,14,3,planted,1016,11954,3.2,3.2142857142857144,45,58,3,0,0,39,0,39,4,False,94,47,8,3,35.74710000066261
17,14,3,planted,1016,11954,3.3,3.2857142857142856,46,54,3,0,0,37,0,37,4,False,88,45,8,3,34.7366999994847
17,14,3,planted,1016,11954,3.4,3.4285714285714284,48,51,3,0,0,36,0,36,4,False,84,44,8,3,35.98670000064885
17,14,3,planted,1016,11954,3.5,3.5,49,51,3,0,0,36,0,36,4,False,84,44,8,3,33.022100000380306
17,14,3,planted,1016,11954,3.75,3.7142857142857144,52,47,3,0,0,29,0,29,4,False,73,34,5,3,30.184499999450054
17,14,3,planted,1016,11954,4.0,4.0,56,41,3,0,0,25,0,25,4,False,63,29,4,3,33.45489999992424
17,14,3,planted,1016,11954,4.25,4.285714285714286,60,9,3,0,0,1,0,1,4,False,7,1,0,3,37.05690000060713
17,14,3,planted,1016,11954,4.5,4.5,63,6,3,0,0,0,0,0,,False,3,0,0,3,30.55609999864828
17,14,3,planted,1016,11954,4.75,4.714285714285714,66,4,3,0,0,0,0,0,,False,1,0,0,3,37.26429999915126
17,14,3,planted,1016,11954,5.0,5.0,70,2,1,0,0,0,0,0,,False,1,0,0,3,34.52429999924789
18,14,3,planted,1017,15771,1.0,1.0,14,2572,1,9241,,9241,,,,True,11812,0,0,1,44.53720000128669
18,14,3,planted,1017,15771,1.25,1.2857142857142858,18,1676,1,0,0,5381,0,5381,,False,7056,12432,11862,3,1630.8694000017567
18,14,3,planted,1017,15771,1.5,1.5,21,1259,1,0,0,3569,0,3569,,False,4827,7586,6291,3,517.3493999991479
18,14,3,planted,1017,15771,1.6,1.5714285714285714,22,1007,1,0,0,2637,0,2637,,False,3643,5261,3843,3,266.65329999923415
18,14,3,planted,1017,15771,1.7,1.7142857142857142,24,790,1,0,0,1857,0,1857,4,False,2646,3490,2304,3,141.20329999968817
18,14,3,planted,1017,15771,1.8,1.7857142857142858,25,598,1,1,0,1235,1,1234,4,False,1832,2126,1157,3,84.61700000043493
18,14,3,planted,1017,15771,1.9,1.9285714285714286,27,558,1,1,0,1128,1,1127,4,False,1685,1923,1030,3,79.8718000005465
18,14,3,planted,1017,15771,2.0,2.0,28,553,1,1,0,1119,1,1118,4,False,1671,1909,1024,3,75.73919999958889
18,14,3,planted,1017,15771,2.1,2.0714285714285716,29,553,1,1,0,1119,1,1118,4,False,1671,1909,1024,3,81.0899000007339
18,14,3,planted,1017,15771,2.2,2.2142857142857144,31,478,1,1,0,952,1,951,4,False,1429,1635,893,3,77.80230000025767
18,14,3,planted,1017,15771,2.3,2.2857142857142856,32,353,1,0,0,593,0,593,4,False,945,926,401,3,47.91130000012345
18,14,3,planted,1017,15771,2.4,2.4285714285714284,34,282,1,0,0,452,0,452,4,False,733,688,278,3,44.323699999949895
18,14,3,planted,1017,15771,2.5,2.5,35,215,1,0,0,312,0,312,4,False,526,445,147,3,46.731399999771384
18,14,3,planted,1017,15771,2.6,2.5714285714285716,36,141,3,0,0,162,0,162,4,False,300,222,67,3,50.57669999951031
18,14,3,planted,1017,15771,2.7,2.7142857142857144,38,111,3,0,0,108,0,108,4,False,216,140,35,3,37.169400000493624
18,14,3,planted,1017,15771,2.8,2.7857142857142856,39,83,5,0,0,81,0,81,4,False,159,108,30,3,42.448300000614836
18,14,3,planted,1017,15771,2.9,2.9285714285714284,41,60,6,0,0,44,0,44,4,False,98,54,10,3,35.92879999996512
18,14,3,planted,1017,15771,3.0,3.0,42,42,6,0,0,23,0,23,4,False,59,27,4,3,34.71940000054019
18,14,3,planted,1017,15771,3.1,3.0714285714285716,43,42,6,0,0,23,0,23,4,False,59,27,4,3,32.10600000056729
18,14,3,planted,1017,15771,3.2,3.2142857142857144,45,42,6,0,0,23,0,23,4,False,59,27,4,3,37.217500001133885
18,14,3,planted,1017,15771,3.3,3.2857142857142856,46,38,6,0,0,15,0,15,4,False,47,16,1,3,30.695100000230013
18,14,3,planted,1017,15771,3.4,3.4285714285714284,48,38,6,0,0,15,0,15,4,False,47,16,1,3,36.46679999837943
18,14,3,planted,1017,15771,3.5,3.5,49,34,6,0,0,11,0,11,4,False,39,11,0,3,32.77189999971597
18,14,3,planted,1017,15771,3.75,3.7142857142857144,52,27,6,0,0,6,0,6,4,False,27,6,0,3,37.18189999926835
18,14,3,planted,1017,15771,4.0,4.0,56,20,4,0,0,6,0,6,4,False,22,6,0,3,34.672399999180925
18,14,3,planted,1017,15771,4.25,4.285714285714286,60,18,3,0,0,6,0,6,4,False,21,6,0,3,31.571200001053512
18,14,3,planted,1017,15771,4.5,4.5,63,16,3,0,0,5,0,5,4,False,18,5,0,3,36.13419999965117
18,14,3,planted,1017,15771,4.75,4.714285714285714,66,15,3,0,0,4,0,4,4,False,16,4,0,3,33.84310000001278
18,14,3,planted,1017,15771,5.0,5.0,70,10,3,0,0,1,0,1,4,False,8,1,0,3,30.92339999966498
19,14,3,planted,1018,12909,1.0,1.0,14,2456,1,0,0,8031,0,8031,,False,10486,18670,17921,3,2910.5909999998403
19,14,3,planted,1018,12909,1.25,1.2857142857142858,18,1536,1,0,0,4307,0,4307,,False,5842,9097,7500,3,947.2070000010717
19,14,3,planted,1018,12909,1.5,1.5,21,885,2,2,0,1956,2,1954,,False,2839,3584,2304,3,266.11749999938183
19,14,3,planted,1018,12909,1.6,1.5714285714285714,22,797,2,3,0,1743,3,1740,4,False,2538,3225,2125,3,162.9529999991064
19,14,3,planted,1018,12909,1.7,1.7142857142857142,24,620,3,3,0,1192,3,1189,4,False,1809,2052,1174,3,106.46939999969618
19,14,3,planted,1018,12909,1.8,1.7857142857142858,25,555,3,3,0,1013,3,1010,4,False,1565,1714,954,3,87.62729999943986
19,14,3,planted,1018,12909,1.9,1.9285714285714286,27,412,3,3,0,665,3,662,4,False,1074,1037,465,3,62.111500001265085
19,14,3,planted,1018,12909,2.0,2.0,28,386,3,3,0,612,3,609,4,False,995,945,409,3,60.03210000017134
19,14,3,planted,1018,12909,2.1,2.0714285714285716,29,305,4,4,0,395,4,391,4,False,696,544,171,3,46.788900001047296
19,14,3,planted,1018,12909,2.2,2.2142857142857144,31,264,4,4,0,311,4,307,4,False,571,417,122,3,45.26319999968109
19,14,3,planted,1018,12909,2.3,2.2857142857142856,32,244,4,3,0,287,3,284,4,False,527,387,115,3,49.43269999967015
19,14,3,planted,1018,12909,2.4,2.4285714285714284,34,217,3,3,0,249,3,246,4,False,463,331,95,3,38.901699999769335
19,14,3,planted,1018,12909,2.5,2.5,35,209,3,3,0,239,3,236,4,False,445,318,92,3,39.005800001177704
19,14,3,planted,1018,12909,2.6,2.5714285714285716,36,206,3,3,0,235,3,232,4,False,438,313,91,3,45.627600000443636
19,14,3,planted,1018,12909,2.7,2.7142857142857144,38,182,2,1,0,210,1,209,4,False,390,288,89,3,43.51150000002235
19,14,3,planted,1018,12909,2.8,2.7857142857142856,39,176,2,1,0,195,1,194,4,False,369,264,79,3,40.90589999941585
19,14,3,planted,1018,12909,2.9,2.9285714285714284,41,147,3,0,0,167,0,167,4,False,311,232,74,3,40.012100000240025
19,14,3,planted,1018,12909,3.0,3.0,42,128,4,0,0,143,0,143,4,False,267,203,69,3,39.281299999856856
19,14,3,planted,1018,12909,3.1,3.0714285714285716,43,128,4,0,0,143,0,143,4,False,267,203,69,3,37.5051999999414
19,14,3,planted,1018,12909,3.2,3.2142857142857144,45,115,2,0,0,140,0,140,4,False,253,200,69,3,39.45860000021639
19,14,3,planted,1018,12909,3.3,3.2857142857142856,46,107,2,0,0,128,0,128,4,False,233,180,59,3,35.92519999983779
19,14,3,planted,1018,12909,3.4,3.4285714285714284,48,107,2,0,0,128,0,128,4,False,233,180,59,3,35.96269999979995
19,14,3,planted,1018,12909,3.5,3.5,49,59,3,0,0,44,0,44,4,False,100,55,12,3,35.33960000095249
19,14,3,planted,1018,12909,3.75,3.7142857142857144,52,37,4,0,0,24,0,24,4,False,57,28,4,3,39.46149999865156
19,14,3,planted,1018,12909,4.0,4.0,56,26,4,0,0,10,0,10,4,False,32,11,1,3,34.62310000031721
19,14,3,planted,1018,12909,4.25,4.285714285714286,60,24,3,0,0,10,0,10,4,False,31,11,1,3,114.62339999889082
19,14,3,planted,1018,12909,4.5,4.5,63,24,3,0,0,10,0,10,4,False,31,11,1,3,51.14099999991595
19,14,3,planted,1018,12909,4.75,4.714285714285714,66,9,1,0,0,2,0,2,4,False,10,2,0,3,33.387800000127754
19,14,3,planted,1018,12909,5.0,5.0,70,9,1,0,0,2,0,2,4,False,10,2,0,3,34.237100000609644
20,14,3,planted,1019,1122,1.0,1.0,14,3028,1,11477,,11477,,,,True,14504,0,0,1,49.038999999538646
20,14,3,planted,1019,1122,1.25,1.2857142857142858,18,1944,1,0,0,6587,0,6587,,False,8530,15819,16076,3,2417.229299999235
20,14,3,planted,1019,1122,1.5,1.5,21,1034,1,0,0,2638,0,2638,,False,3671,5147,3568,3,286.56450000016775
20,14,3,planted,1019,1122,1.6,1.5714285714285714,22,862,1,0,0,2110,0,2110,,False,2971,4033,2698,3,219.8277000006783
20,14,3,planted,1019,1122,1.7,1.7142857142857142,24,692,1,0,0,1531,0,1531,4,False,2222,2762,1654,3,119.49679999997898
20,14,3,planted,1019,1122,1.8,1.7857142857142858,25,675,1,0,0,1478,0,1478,4,False,2152,2654,1577,3,117.79849999948055
20,14,3,planted,1019,1122,1.9,1.9285714285714286,27,606,1,0,0,1304,0,1304,4,False,1909,2316,1343,3,103.80719999920984
20,14,3,planted,1019,1122,2.0,2.0,28,388,1,0,0,691,0,691,4,False,1078,1118,535,3,63.41059999977006
20,14,3,planted,1019,1122,2.1,2.0714285714285716,29,291,2,0,0,495,0,495,4,False,784,811,406,3,56.85489999996207
20,14,3,planted,1019,1122,2.2,2.2142857142857144,31,214,3,0,0,285,0,285,4,False,496,412,145,3,46.79100000066683
20,14,3,planted,1019,1122,2.3,2.2857142857142856,32,193,3,0,0,256,0,256,4,False,446,374,136,3,51.383799998802715
20,14,3,planted,1019,1122,2.4,2.4285714285714284,34,169,3,0,0,203,0,203,4,False,369,285,92,3,43.32830000021204
20,14,3,planted,1019,1122,2.5,2.5,35,151,3,0,0,170,0,170,4,False,318,233,70,3,41.41390000040701
20,14,3,planted,1019,1122,2.6,2.5714285714285716,36,145,3,0,0,165,0,165,4,False,307,228,70,3,41.60040000169829
20,14,3,planted,1019,1122,2.7,2.7142857142857144,38,113,5,0,0,121,0,121,4,False,229,163,46,3,49.475199999506
20,14,3,planted,1019,1122,2.8,2.7857142857142856,39,67,4,0,0,53,0,53,4,False,116,64,11,3,34.616999999343534
20,14,3,planted,1019,1122,2.9,2.9285714285714284,41,32,6,0,0,8,0,8,4,False,34,8,0,3,35.36390000044776
20,14,3,planted,1019,1122,3.0,3.0,42,29,5,0,0,8,0,8,4,False,32,8,0,3,33.08239999932994
20,14,3,planted,1019,1122,3.1,3.0714285714285716,43,20,4,0,0,5,0,5,4,False,21,5,0,3,38.139700000101584
20,14,3,planted,1019,1122,3.2,3.2142857142857144,45,19,4,0,0,5,0,5,4,False,20,5,0,3,38.74609999911627
20,14,3,planted,1019,1122,3.3,3.2857142857142856,46,19,4,0,0,5,0,5,4,False,20,5,0,3,35.296300000482006
20,14,3,planted,1019,1122,3.4,3.4285714285714284,48,15,4,0,0,3,0,3,4,False,14,3,0,3,33.70100000029197
20,14,3,planted,1019,1122,3.5,3.5,49,14,3,0,0,3,0,3,4,False,14,3,0,3,37.68660000059754
20,14,3,planted,1019,1122,3.75,3.7142857142857144,52,14,3,0,0,3,0,3,4,False,14,3,0,3,34.93989999878977
20,14,3,planted,1019,1122,4.0,4.0,56,12,2,0,0,3,0,3,4,False,13,3,0,3,39.50540000005276
20,14,3,planted,1019,1122,4.25,4.285714285714286,60,8,2,0,0,2,0,2,4,False,8,2,0,3,37.4071999995067
20,14,3,planted,1019,1122,4.5,4.5,63,6,1,0,0,2,0,2,4,False,7,2,0,3,38.078900000982685
20,14,3,planted,1019,1122,4.75,4.714285714285714,66,3,1,0,0,0,0,0,,False,2,0,0,3,33.55419999934384
20,14,3,planted,1019,1122,5.0,5.0,70,3,1,0,0,0,0,0,,False,2,0,0,3,34.792299999026
21,14,3,planted,1020,3692,1.0,1.0,14,3280,1,12450,,12450,,,,True,15729,0,0,1,54.21250000108557
21,14,3,planted,1020,3692,1.25,1.2857142857142858,18,2112,1,0,0,7084,0,7084,,False,9195,16834,16783,3,3048.5435999999027
21,14,3,planted,1020,3692,1.5,1.5,21,1312,1,0,0,3627,0,3627,,False,4938,7566,6067,3,552.1528000008402
21,14,3,planted,1020,3692,1.6,1.5714285714285714,22,1176,1,0,0,3136,0,3136,,False,4311,6380,4879,3,423.0195999989519
21,14,3,planted,1020,3692,1.7,1.7142857142857142,24,961,1,0,0,2472,0,2472,,False,3432,5019,3871,3,336.68390000093495
21,14,3,planted,1020,3692,1.8,1.7857142857142858,25,825,1,0,0,1964,0,1964,,False,2788,3777,2628,3,203.15450000089186
21,14,3,planted,1020,3692,1.9,1.9285714285714286,27,635,1,0,0,1358,0,1358,4,False,1992,2443,1492,3,110.21460000119987
21,14,3,planted,1020,3692,2.0,2.0,28,635,1,0,0,1358,0,1358,4,False,1992,2443,1492,3,115.2129000001878
21,14,3,planted,1020,3692,2.1,2.0714285714285716,29,463,2,0,0,888,0,888,4,False,1349,1508,810,3,80.8180000003631
21,14,3,planted,1020,3692,2.2,2.2142857142857144,31,423,2,0,0,808,0,808,4,False,1229,1375,743,3,76.20780000070226
21,14,3,planted,1020,3692,2.3,2.2857142857142856,32,385,2,0,0,725,0,725,4,False,1108,1231,668,3,68.71059999866702
21,14,3,planted,1020,3692,2.4,2.4285714285714284,34,340,2,0,0,628,0,628,4,False,966,1058,564,3,64.9052999997366
21,14,3,planted,1020,3692,2.5,2.5,35,336,2,0,0,626,0,626,4,False,960,1056,564,3,64.6431000004668
21,14,3,planted,1020,3692,2.6,2.5714285714285716,36,331,2,0,0,621,0,621,4,False,950,1050,563,3,64.83509999998205
21,14,3,planted,1020,3692,2.7,2.7142857142857144,38,248,2,1,0,416,1,415,4,False,662,667,314,3,60.84709999959159
21,14,3,planted,1020,3692,2.8,2.7857142857142856,39,208,2,1,0,320,1,319,4,False,526,489,202,3,45.87520000131917
21,14,3,planted,1020,3692,2.9,2.9285714285714284,41,190,2,1,0,291,1,290,4,False,479,442,180,3,53.34970000149042
21,14,3,planted,1020,3692,3.0,3.0,42,159,2,0,0,212,0,212,4,False,369,301,100,3,47.03479999989213
21,14,3,planted,1020,3692,3.1,3.0714285714285716,43,148,2,0,0,194,0,194,4,False,340,275,91,3,47.5231000000349
21,14,3,planted,1020,3692,3.2,3.2142857142857144,45,134,2,0,0,160,0,160,4,False,292,218,64,3,50.447100000383216
21,14,3,planted,1020,3692,3.3,3.2857142857142856,46,123,2,0,0,148,0,148,4,False,269,204,62,3,45.12520000025688
21,14,3,planted,1020,3692,3.4,3.4285714285714284,48,107,2,0,0,126,0,126,4,False,231,172,51,3,46.50079999919399
21,14,3,planted,1020,3692,3.5,3.5,49,92,2,0,0,94,0,94,4,False,184,119,26,3,43.166899999050656
21,14,3,planted,1020,3692,3.75,3.7142857142857144,52,90,2,0,0,91,0,91,4,False,179,115,25,3,42.67770000114979
21,14,3,planted,1020,3692,4.0,4.0,56,60,3,0,0,47,0,47,4,False,104,56,10,3,39.86660000009579
21,14,3,planted,1020,3692,4.25,4.285714285714286,60,48,2,0,0,37,0,37,4,False,83,45,9,3,38.85509999963688
21,14,3,planted,1020,3692,4.5,4.5,63,48,2,0,0,37,0,37,4,False,83,45,9,3,40.3279999991355
21,14,3,planted,1020,3692,4.75,4.714285714285714,66,48,2,0,0,37,0,37,4,False,83,45,9,3,39.61709999930463
21,14,3,planted,1020,3692,5.0,5.0,70,28,3,0,0,14,0,14,4,False,39,16,2,3,39.08740000042599
22,14,3,planted,1021,5841,1.0,1.0,14,2112,1,0,0,7181,0,7181,,False,9292,17378,18030,3,3712.3775000000023
22,14,3,planted,1021,5841,1.25,1.2857142857142858,18,1296,1,0,0,3934,0,3934,,False,5229,8853,8206,3,953.6607999998523
22,14,3,planted,1021,5841,1.5,1.5,21,699,1,0,0,1823,0,1823,4,False,2521,3704,2842,3,231.6246999998839
22,14,3,planted,1021,5841,1.6,1.5714285714285714,22,690,1,0,0,1800,0,1800,4,False,2489,3662,2818,3,239.04399999992165
22,14,3,planted,1021,5841,1.7,1.7142857142857142,24,603,1,0,0,1448,0,1448,4,False,2050,2751,1824,3,153.6104000006162
22,14,3,planted,1021,5841,1.8,1.7857142857142858,25,512,1,0,0,1174,0,1174,4,False,1685,2202,1434,3,160.46190000088245
22,14,3,planted,1021,5841,1.9,1.9285714285714286,27,512,1,0,0,1174,0,1174,4,False,1685,2202,1434,3,115.80300000059651
22,14,3,planted,1021,5841,2.0,2.0,28,410,1,0,0,906,0,906,4,False,1315,1680,1075,3,93.60279999964405
22,14,3,planted,1021,5841,2.1,2.0714285714285716,29,364,1,0,0,778,0,778,4,False,1141,1423,890,3,80.72770000035234
22,14,3,planted,1021,5841,2.2,2.2142857142857144,31,321,3,0,0,655,0,655,4,False,973,1198,754,3,72.49619999856804
22,14,3,planted,1021,5841,2.3,2.2857142857142856,32,320,3,0,0,653,0,653,4,False,970,1195,753,3,75.8983999985503
22,14,3,planted,1021,5841,2.4,2.4285714285714284,34,216,4,0,0,387,0,387,4,False,599,664,363,3,52.007799999046256
22,14,3,planted,1021,5841,2.5,2.5,35,123,4,0,0,175,0,175,4,False,294,268,110,3,34.79220000008354
22,14,3,planted,1021,5841,2.6,2.5714285714285716,36,86,3,0,0,117,0,117,4,False,200,174,66,3,42.26340000059281
22,14,3,planted,1021,5841,2.7,2.7142857142857144,38,86,3,0,0,117,0,117,4,False,200,174,66,3,34.761800001433585
22,14,3,planted,1021,5841,2.8,2.7857142857142856,39,86,3,0,0,117,0,117,4,False,200,174,66,3,41.425499999604654
22,14,3,planted,1021,5841,2.9,2.9285714285714284,41,86,3,0,0,117,0,117,4,False,200,174,66,3,35.59510000013688
22,14,3,planted,1021,5841,3.0,3.0,42,63,2,0,0,67,0,67,4,False,128,85,18,3,33.18009999929927
22,14,3,planted,1021,5841,3.1,3.0714285714285716,43,63,2,0,0,67,0,67,4,False,128,85,18,3,32.55840000019816
22,14,3,planted,1021,5841,3.2,3.2142857142857144,45,63,2,0,0,67,0,67,4,False,128,85,18,3,33.726300000125775
22,14,3,planted,1021,5841,3.3,3.2857142857142856,46,59,1,0,0,64,0,64,4,False,122,82,18,3,36.49359999872104
22,14,3,planted,1021,5841,3.4,3.4285714285714284,48,36,2,0,0,25,0,25,4,False,59,29,4,3,33.52460000132851
22,14,3,planted,1021,5841,3.5,3.5,49,36,2,0,0,25,0,25,4,False,59,29,4,3,34.51700000005076
22,14,3,planted,1021,5841,3.75,3.7142857142857144,52,18,2,0,0,7,0,7,4,False,23,7,0,3,33.91399999964051
22,14,3,planted,1021,5841,4.0,4.0,56,11,3,0,0,2,0,2,4,False,10,2,0,3,31.370100001367973
22,14,3,planted,1021,5841,4.25,4.285714285714286,60,11,3,0,0,2,0,2,4,False,10,2,0,3,34.493299999667215
22,14,3,planted,1021,5841,4.5,4.5,63,9,2,0,0,2,0,2,4,False,9,2,0,3,31.280300001526484
22,14,3,planted,1021,5841,4.75,4.714285714285714,66,9,2,0,0,2,0,2,4,False,9,2,0,3,31.098899999051355
22,14,3,planted,1021,5841,5.0,5.0,70,6,1,0,0,2,0,2,4,False,7,2,0,3,34.12740000021586
23,14,3,planted,1022,4339,1.0,1.0,14,2364,1,0,0,7977,0,7977,,False,10340,18945,18771,3,2949.6312999999645
23,14,3,planted,1022,4339,1.25,1.2857142857142858,18,1470,1,0,0,4374,0,4374,,False,5843,9526,8158,3,1092.0622999983607
23,14,3,planted,1022,4339,1.5,1.5,21,848,1,0,0,2058,0,2058,,False,2905,3913,2616,3,267.4370999993698
23,14,3,planted,1022,4339,1.6,1.5714285714285714,22,756,1,0,0,1736,0,1736,4,False,2491,3207,2045,3,248.98420000135957
23,14,3,planted,1022,4339,1.7,1.7142857142857142,24,514,2,1,0,1032,1,1031,4,False,1544,1809,1055,3,127.13719999919704
23,14,3,planted,1022,4339,1.8,1.7857142857142858,25,500,2,1,0,1003,1,1002,4,False,1501,1757,1024,3,133.33000000056927
23,14,3,planted,1022,4339,1.9,1.9285714285714286,27,402,2,1,0,749,1,748,4,False,1149,1264,680,3,74.19329999902402
23,14,3,planted,1022,4339,2.0,2.0,28,401,2,1,0,748,1,747,4,False,1147,1263,680,3,71.43639999958395
23,14,3,planted,1022,4339,2.1,2.0714285714285716,29,213,3,0,0,291,0,291,4,False,501,435,176,3,54.8188000011578
23,14,3,planted,1022,4339,2.2,2.2142857142857144,31,192,3,0,0,264,0,264,4,False,453,401,169,3,51.25369999950635
23,14,3,planted,1022,4339,2.3,2.2857142857142856,32,188,3,0,0,260,0,260,4,False,445,396,168,3,58.4117000016704
23,14,3,planted,1022,4339,2.4,2.4285714285714284,34,176,3,0,0,238,0,238,4,False,411,362,154,3,48.235800000838935
23,14,3,planted,1022,4339,2.5,2.5,35,160,3,0,0,194,0,194,4,False,351,278,99,3,46.072600000115926
23,14,3,planted,1022,4339,2.6,2.5714285714285716,36,145,3,0,0,174,0,174,4,False,316,253,94,3,148.73199999965436
23,14,3,planted,1022,4339,2.7,2.7142857142857144,38,107,3,0,0,86,0,86,4,False,190,108,24,3,50.754800000504474
23,14,3,planted,1022,4339,2.8,2.7857142857142856,39,82,2,0,0,58,0,58,4,False,138,65,7,3,47.662899998613284
23,14,3,planted,1022,4339,2.9,2.9285714285714284,41,54,1,0,0,34,0,34,4,False,87,37,3,3,30.237699998906464
23,14,3,planted,1022,4339,3.0,3.0,42,40,4,0,0,17,0,17,4,False,53,18,1,3,38.79129999950237
23,14,3,planted,1022,4339,3.1,3.0714285714285716,43,24,5,0,0,5,0,5,4,False,24,5,0,3,29.383999999481603
23,14,3,planted,1022,4339,3.2,3.2142857142857144,45,24,5,0,0,5,0,5,4,False,24,5,0,3,35.34339999896474
23,14,3,planted,1022,4339,3.3,3.2857142857142856,46,24,5,0,0,5,0,5,4,False,24,5,0,3,30.18289999999979
23,14,3,planted,1022,4339,3.4,3.4285714285714284,48,20,5,0,0,1,0,1,4,False,16,1,0,3,37.60820000024978
23,14,3,planted,1022,4339,3.5,3.5,49,16,6,0,0,0,0,0,,False,10,0,0,3,31.382499999381253
23,14,3,planted,1022,4339,3.75,3.7142857142857144,52,13,4,0,0,0,0,0,,False,9,0,0,3,31.357300000308896
23,14,3,planted,1022,4339,4.0,4.0,56,11,4,0,0,0,0,0,,False,7,0,0,3,32.36590000051365
23,14,3,planted,1022,4339,4.25,4.285714285714286,60,8,3,0,0,0,0,0,,False,5,0,0,3,57.899299999917275
23,14,3,planted,1022,4339,4.5,4.5,63,8,3,0,0,0,0,0,,False,5,0,0,3,36.02529999989201
23,14,3,planted,1022,4339,4.75,4.714285714285714,66,5,3,0,0,0,0,0,,False,2,0,0,3,35.58840000005148
23,14,3,planted,1022,4339,5.0,5.0,70,1,1,0,0,0,0,0,,False,0,0,0,3,55.81180000081076
24,14,3,planted,1023,16009,1.0,1.0,14,2288,1,0,0,7579,0,7579,,False,9866,17711,17051,3,2281.2495000016497
24,14,3,planted,1023,16009,1.25,1.2857142857142858,18,1408,1,0,0,4138,0,4138,,False,5545,9036,7937,3,963.0619999988994
24,14,3,planted,1023,16009,1.5,1.5,21,805,1,1,0,1914,1,1913,,False,2718,3583,2316,3,164.00900000007823
24,14,3,planted,1023,16009,1.6,1.5714285714285714,22,736,1,1,0,1677,1,1676,4,False,2412,3053,1867,3,131.0140000005049
24,14,3,planted,1023,16009,1.7,1.7142857142857142,24,671,1,1,0,1458,1,1457,4,False,2128,2564,1451,3,110.89089999950374
24,14,3,planted,1023,16009,1.8,1.7857142857142858,25,519,1,1,0,1068,1,1067,4,False,1586,1847,1022,3,88.6638000010862
24,14,3,planted,1023,16009,1.9,1.9285714285714286,27,308,1,1,0,482,1,481,4,False,789,717,274,3,45.4107000005024
24,14,3,planted,1023,16009,2.0,2.0,28,235,1,2,0,303,2,301,4,False,537,421,137,3,50.960200000190525
24,14,3,planted,1023,16009,2.1,2.0714285714285716,29,155,3,1,0,156,1,155,4,False,308,196,43,3,36.83939999973518
24,14,3,planted,1023,16009,2.2,2.2142857142857144,31,103,2,0,0,87,0,87,4,False,188,103,16,3,36.379000001034
24,14,3,planted,1023,16009,2.3,2.2857142857142856,32,97,1,0,0,85,0,85,4,False,181,101,16,3,37.54730000036943
24,14,3,planted,1023,16009,2.4,2.4285714285714284,34,90,1,0,0,80,0,80,4,False,169,96,16,3,36.87929999978223
24,14,3,planted,1023,16009,2.5,2.5,35,81,1,0,0,68,0,68,4,False,148,80,12,3,42.678799998611794
24,14,3,planted,1023,16009,2.6,2.5714285714285716,36,65,2,0,0,51,0,51,4,False,114,61,10,3,34.036099999866565
24,14,3,planted,1023,16009,2.7,2.7142857142857144,38,55,3,0,0,43,0,43,4,False,95,52,9,3,36.360899999635876
24,14,3,planted,1023,16009,2.8,2.7857142857142856,39,55,3,0,0,43,0,43,4,False,95,52,9,3,37.665399999241345
24,14,3,planted,1023,16009,2.9,2.9285714285714284,41,47,2,0,0,38,0,38,4,False,83,46,8,3,39.05279999889899
24,14,3,planted,1023,16009,3.0,3.0,42,47,2,0,0,38,0,38,4,False,83,46,8,3,37.10700000010547
24,14,3,planted,1023,16009,3.1,3.0714285714285716,43,41,2,0,0,33,0,33,4,False,72,40,7,3,36.808599999858416
24,14,3,planted,1023,16009,3.2,3.2142857142857144,45,35,2,0,0,28,0,28,4,False,61,34,6,3,35.819400000036694
24,14,3,planted,1023,16009,3.3,3.2857142857142856,46,35,2,0,0,28,0,28,4,False,61,34,6,3,37.21869999935734
24,14,3,planted,1023,16009,3.4,3.4285714285714284,48,24,2,0,0,13,0,13,4,False,35,14,1,3,36.26970000004803
24,14,3,planted,1023,16009,3.5,3.5,49,16,1,0,0,8,0,8,4,False,23,8,0,3,35.67809999913152
24,14,3,planted,1023,16009,3.75,3.7142857142857144,52,16,1,0,0,8,0,8,4,False,23,8,0,3,40.754699999524746
24,14,3,planted,1023,16009,4.0,4.0,56,4,1,0,0,0,0,0,,False,3,0,0,3,35.57040000123379
24,14,3,planted,1023,16009,4.25,4.285714285714286,60,4,1,0,0,0,0,0,,False,3,0,0,3,34.37859999939974
24,14,3,planted,1023,16009,4.5,4.5,63,4,1,0,0,0,0,0,,False,3,0,0,3,36.242999998648884
24,14,3,planted,1023,16009,4.75,4.714285714285714,66,3,1,0,0,0,0,0,,False,2,0,0,3,34.40670000054524
24,14,3,planted,1023,16009,5.0,5.0,70,3,1,0,0,0,0,0,,False,2,0,0,3,30.094499999904656
